iC,stem,s,base,diff,level
0,0,0,0,0,10000
0,1,1,0,0,10000
0,2,1,0,0,10000
0,3,1,0,0,10000
0,2,2,0,0,10000
0,3,2,0,0,1
0,4,3,0,0,1
0,7,1,0,1,10000
0,6,2,0,1,10000
0,7,2,0,0,10000
0,8,2,0,1,10000
0,9,2,0,0,10000
0,8,3,0,0,10000
0,9,3,"0,1",0,1
0,9,3,1,0,10000
0,8,4,0,0,10000
0,10,3,0,0,1
0,9,4,0,0,1
0,10,4,0,0,1
0,9,5,0,0,10000
0,10,5,0,0,10000
0,15,1,0,1,10000
0,14,2,0,1,10000
0,11,5,0,0,1
0,10,6,0,0,10000
0,11,6,0,0,1
0,16,2,0,2,10000
0,15,3,0,0,10000
0,14,4,0,1,10000
0,12,7,0,0,1
0,18,2,0,1,10000
0,18,3,0,0,1
0,15,6,0,0,10000
0,19,3,0,1,10000
0,18,4,0,0,10000
0,20,3,0,0,10000
0,19,4,0,0,1
0,17,6,0,0,1
0,16,7,0,0,10000
0,21,3,0,2,10000
0,20,4,0,1,10000
0,17,7,0,0,1
0,16,8,0,0,10000
0,22,3,0,1,10000
0,17,8,0,0,1
0,22,4,0,1,10000
0,21,5,0,0,10000
0,18,8,0,0,1
0,17,9,0,0,10000
0,23,4,0,"0,1",10000
0,23,4,1,1,10000
0,22,5,0,0,10000
0,18,9,0,0,10000
0,23,5,0,0,10000
0,19,9,0,0,1
0,18,10,0,0,10000
0,19,10,0,0,1
0,23,7,0,0,1
0,22,8,0,1,10000
0,20,11,0,0,1
0,31,1,0,1,10000
0,30,2,0,2,10000
0,23,10,0,0,10000
0,32,2,0,2,10000
0,31,3,0,1,10000
0,24,11,0,0,10000
0,34,2,0,0,10000
0,32,4,0,1,10000
0,31,5,1,2,10000
0,29,7,0,1,1
0,25,11,0,0,1
0,24,12,0,0,10000
0,34,3,0,0,1
0,33,4,1,0,1
0,33,4,0,0,10000
0,25,12,0,0,1
0,26,12,0,0,1
0,25,13,0,0,10000
0,35,4,0,1,1
0,34,5,0,0,1
0,26,13,0,0,10000
0,38,2,0,2,10000
0,37,3,0,3,10000
0,35,5,0,1,10000
0,34,6,0,1,10000
0,27,13,0,0,1
0,26,14,0,0,10000
0,38,3,0,1,10000
0,36,5,0,1,10000
0,27,14,0,0,1
0,39,3,0,3,10000
0,37,5,0,2,10000
0,36,6,0,2,10000
0,35,7,0,0,10000
0,34,8,0,0,10000
0,39,4,1,3,10000
0,37,6,0,1,10000
0,28,15,0,0,1
0,41,4,0,0,1
0,38,7,0,0,1
0,31,14,0,0,10000
0,41,5,0,0,1
0,32,15,0,0,10000
0,44,4,0,4,10000
0,42,6,0,2,1
0,40,8,0,0,10000
0,33,15,0,0,1
0,32,16,0,0,10000
0,33,16,0,0,1
0,34,16,0,0,1
0,33,17,0,0,10000
0,46,5,0,1,10000
0,34,17,0,0,10000
0,46,6,0,[NULL],9999
0,35,17,0,0,1
0,34,18,0,0,10000
0,35,18,0,0,1
0,50,4,0,3,10000
0,46,8,0,0,10000
0,43,11,0,0,1
0,36,19,0,0,1
0,51,5,0,2,10000
0,47,10,0,0,1
0,46,11,0,[NULL],9999
0,39,18,0,0,10000
0,40,19,0,0,10000
0,49,11,0,0,1
0,41,19,0,0,1
0,40,20,0,0,10000
0,41,20,0,0,1
0,42,20,0,0,1
0,41,21,0,0,10000
0,42,21,0,0,10000
0,63,1,0,1,10000
0,62,2,0,2,10000
0,54,10,0,1,10000
0,43,21,0,0,1
0,42,22,0,0,10000
0,43,22,0,0,1
0,64,2,0,3,10000
0,63,3,0,1,10000
0,44,23,0,0,1
0,66,2,0,0,10000
0,65,3,0,2,10000
0,65,3,1,3,10000
0,57,11,0,0,10000
0,66,3,0,0,1
0,65,4,0,0,1
0,47,22,0,0,10000
0,67,4,0,2,1
0,66,5,0,1,1
0,48,23,0,0,10000
0,70,2,0,2,10000
0,69,3,0,4,10000
0,62,10,"0,1","1,2",10000
0,59,13,0,[NULL],9999
0,49,23,0,0,1
0,48,24,0,0,10000
0,70,3,0,1,10000
0,49,24,0,0,1
0,71,3,0,2,10000
0,50,24,0,0,1
0,49,25,0,0,10000
0,71,4,1,2,10000
0,50,25,0,0,10000
0,72,4,1,1,10000
0,51,25,0,0,1
0,50,26,0,0,10000
0,73,4,0,0,1
0,72,5,1,[NULL],9999
0,65,12,0,[NULL],9998
0,51,26,0,0,1
0,73,5,0,0,1
0,69,10,0,[NULL],9999
0,52,27,0,0,1
0,55,26,0,0,10000
0,70,12,0,3,10000
0,56,27,0,0,10000
0,57,27,0,0,1
0,56,28,0,0,10000
0,57,28,0,0,1
0,82,4,0,4,10000
0,58,28,0,0,1
0,57,29,0,0,10000
0,58,29,0,0,10000
0,83,5,0,5,10000
0,59,29,0,0,1
0,58,30,0,0,10000
0,59,30,0,0,1
0,81,9,1,0,1
0,81,9,0,2,10000
0,60,31,0,0,1
0,80,12,0,1,10000
0,82,11,1,1,1
0,63,30,0,0,10000
0,83,12,1,2,1
0,82,13,0,0,1
0,64,31,0,0,10000
0,93,3,0,3,10000
0,65,31,0,0,1
0,64,32,0,0,10000
0,84,13,0,2,10000
0,65,32,0,0,1
0,85,13,0,2,10000
0,84,14,0,2,10000
0,66,32,0,0,1
0,65,33,0,0,10000
0,66,33,0,0,10000
0,95,5,0,3,10000
0,67,33,0,0,1
0,66,34,0,0,10000
0,96,5,1,0,1
0,67,34,0,0,1
0,89,13,0,1,1
0,97,6,0,0,1
0,68,35,0,0,1
0,98,6,0,6,10000
0,90,14,0,3,1
0,71,34,0,0,10000
0,100,6,1,7,10000
0,99,7,2,10,10000
0,91,16,0,1,1
0,72,35,0,0,10000
0,102,6,0,6,10000
0,73,35,0,0,1
0,72,36,0,0,10000
0,102,7,1,[NULL],9999
0,101,8,2,0,1
0,73,36,0,0,1
0,74,36,0,0,1
0,73,37,0,0,10000
0,74,37,0,0,10000
0,107,5,0,5,10000
0,75,37,0,0,1
0,74,38,0,0,10000
0,75,38,0,0,1
0,76,39,0,0,1
0,79,38,0,0,10000
0,80,39,0,0,10000
0,81,39,0,0,1
0,80,40,0,0,10000
0,81,40,0,0,1
0,82,40,0,0,1
0,81,41,0,0,10000
0,82,41,0,0,10000
0,83,41,0,0,1
0,82,42,0,0,10000
0,83,42,0,0,1
0,84,43,0,0,1
0,87,42,0,0,10000
0,128,2,0,3,10000
0,127,3,0,1,10000
0,88,43,0,0,10000
0,129,3,0,1,10000
0,129,3,1,2,10000
0,89,43,0,0,1
0,88,44,0,0,10000
0,130,3,0,[NULL],9998
0,89,44,0,0,1
0,115,19,2,4,10000
0,90,44,0,0,1
0,89,45,0,0,10000
0,131,4,0,2,1
0,130,5,2,1,1
0,90,45,0,0,10000
0,132,4,0,3,10000
0,91,45,0,0,1
0,90,46,0,0,10000
0,91,46,0,0,1
0,135,3,0,4,10000
0,134,4,0,4,10000
0,135,4,1,3,10000
0,134,5,1,6,10000
0,131,8,2,11,10000
0,92,47,0,0,1
0,136,4,1,0,10000
0,137,4,0,[NULL],9998
0,136,5,1,[NULL],9999
0,136,5,0,[NULL],9999
0,95,46,0,0,10000
0,137,5,0,[NULL],9999
0,96,47,0,0,10000
0,138,6,1,6,1
0,97,47,0,0,1
0,96,48,0,0,10000
0,97,48,0,0,1
0,98,48,0,0,1
0,97,49,0,0,10000
0,139,8,0,[NULL],9998
0,138,9,0,8,1
0,98,49,0,0,10000
0,144,4,1,7,10000
0,142,6,1,9,10000
0,99,49,0,0,1
0,98,50,0,0,10000
0,99,50,0,0,1
0,145,5,1,6,10000
0,144,6,1,4,10000
0,146,5,1,[NULL],9998
0,146,5,0,1,10000
0,144,7,2,[NULL],9998
0,100,51,0,0,1
0,144,9,4,[NULL],9999
0,143,10,2,6,10000
0,103,50,0,0,10000
0,148,6,1,7,10000
0,148,6,2,8,10000
0,149,6,"1,3",4,10000
0,104,51,0,0,10000
0,146,10,2,7,1
0,145,11,6,8,10000
0,104,52,0,0,10000
0,151,6,0,[NULL],9999
0,146,11,4,[NULL],9999
0,105,53,0,0,10000
0,147,12,1,[NULL],9998
0,106,53,0,0,10000
0,153,7,0,[NULL],1
0,107,53,0,[NULL],1
0,106,54,0,0,10000
0,108,55,0,[NULL],1
0,160,4,0,2,10000
0,160,5,1,[NULL],9998
0,152,13,4,[NULL],9999
0,111,54,0,0,10000
0,162,5,0,[NULL],9998
0,112,55,0,0,10000
0,154,14,1,[NULL],1
0,112,56,0,0,10000
0,162,7,2,11,10000
0,166,4,0,7,10000
0,114,56,0,[NULL],1
0,113,57,0,0,10000
0,114,57,0,0,10000
0,167,5,2,3,10000
0,115,57,0,[NULL],1
0,114,58,0,0,10000
0,167,6,2,[NULL],9999
0,168,7,1,[NULL],9999
0,116,59,0,[NULL],1
0,169,7,0,[NULL],1
0,172,6,1,10,10000
0,170,9,1,[NULL],9998
0,162,18,0,[NULL],1
0,122,60,0,[NULL],1
0,163,20,2,[NULL],9998
0,123,61,0,[NULL],1
0,175,10,1,[NULL],9999
0,179,7,1,5,10000
0,124,63,0,[NULL],1
0,168,21,5,[NULL],9999
0,170,22,1,[NULL],1
0,190,4,0,4,10000
0,130,64,0,[NULL],1
0,171,24,2,[NULL],9998
0,192,4,0,2,10000
0,191,5,1,5,10000
0,131,65,0,[NULL],1
0,192,5,0,[NULL],9998
0,131,66,0,[NULL],39
0,193,6,0,[NULL],1
0,132,67,0,[NULL],1
1,1,0,0,0,0
1,3,0,0,0,10000
1,2,1,0,0,0
1,3,1,0,0,0
1,4,1,0,0,0
1,3,2,0,0,0
1,7,0,0,0,10000
1,6,1,0,0,10000
1,7,1,0,0,10000
1,8,1,1,0,0
1,8,1,0,0,10000
1,7,2,1,0,0
1,7,2,0,0,10000
1,8,2,0,0,0
1,7,3,0,0,10000
1,10,1,0,0,10000
1,9,2,1,0,0
1,9,2,0,0,10000
1,10,2,0,0,0
1,9,3,0,0,0
1,10,3,0,1,0
1,9,4,0,0,0
1,14,1,0,0,10000
1,11,4,0,0,10000
1,10,5,0,0,0
1,11,5,0,0,0
1,16,1,1,0,0
1,16,1,0,0,10000
1,15,2,1,0,0
1,14,3,0,0,10000
1,11,6,0,0,0
1,17,2,2,0,0
1,17,2,1,1,10000
1,17,2,0,0,10000
1,16,3,0,0,0
1,19,2,1,0,0
1,19,2,0,0,10000
1,17,4,0,0,10000
1,16,6,0,0,0
1,20,3,1,0,0
1,20,3,0,0,10000
1,19,4,0,0,0
1,21,3,0,0,0
1,20,4,0,0,10000
1,17,7,0,0,0
1,21,4,1,0,0
1,21,4,0,0,10000
1,17,8,0,0,0
1,23,4,1,0,0
1,23,4,0,0,10000
1,22,5,0,0,0
1,19,8,0,0,10000
1,18,9,0,0,0
1,24,4,"0,1",0,0
1,24,4,1,1,0
1,23,5,0,0,0
1,19,9,0,0,0
1,24,5,0,0,0
1,19,10,0,0,0
1,26,5,0,1,10000
1,23,8,1,0,0
1,23,8,0,0,10000
1,23,9,0,0,10000
1,23,10,0,0,10000
1,31,3,0,"0,1",10000
1,30,4,0,0,10000
1,24,10,0,0,0
1,23,11,0,0,10000
1,32,4,0,0,10000
1,25,11,0,0,0
1,35,2,0,0,0
1,25,12,0,0,0
1,34,4,0,0,0
1,36,3,0,0,10000
1,27,12,0,0,10000
1,26,13,0,0,0
1,27,13,0,0,0
1,36,5,1,0,0
1,36,5,0,0,10000
1,35,6,1,0,0
1,27,14,0,0,0
1,36,7,0,0,0
1,35,8,0,0,0
1,39,5,0,0,10000
1,38,6,1,0,0
1,32,14,0,0,0
1,33,15,0,0,0
1,41,8,0,0,0
1,33,16,0,0,0
1,35,16,0,0,10000
1,34,17,0,0,0
1,47,5,1,0,0
1,45,7,0,0,10000
1,35,17,0,0,0
1,35,18,0,0,0
1,47,8,0,0,0
1,39,17,0,0,10000
1,39,18,0,0,10000
1,50,8,0,0,10000
1,40,18,0,0,0
1,39,19,0,0,10000
1,41,19,0,0,0
1,41,20,0,0,0
1,43,20,0,0,10000
1,42,21,0,0,0
1,43,21,0,0,0
1,64,1,1,0,0
1,55,10,1,0,0
1,43,22,0,0,0
1,58,9,0,0,10000
1,67,2,0,0,0
1,58,11,0,0,0
1,48,22,0,0,0
1,69,2,1,1,10000
1,69,2,2,2,10000
1,68,3,1,1,10000
1,49,23,0,0,0
1,71,2,2,0,0
1,71,2,1,1,10000
1,70,3,4,0,0
1,70,3,2,2,10000
1,63,10,"1,2","0,1",0
1,49,24,0,0,0
1,71,3,1,0,0
1,51,24,0,0,10000
1,50,25,0,0,0
1,51,25,0,0,0
1,73,4,1,1,0
1,51,26,0,0,0
1,68,11,2,1,0
1,69,11,0,0,0
1,55,25,0,0,10000
1,69,12,1,0,10000
1,55,26,0,0,10000
1,56,26,0,0,0
1,55,27,0,0,10000
1,75,8,0,"1,2",10000
1,57,27,0,0,0
1,57,28,0,0,0
1,83,4,4,0,0
1,59,28,0,0,10000
1,58,29,0,0,0
1,59,29,0,0,0
1,84,5,5,0,0
1,84,5,4,4,10000
1,59,30,0,0,0
1,79,11,0,0,10000
1,76,15,1,1,0
1,80,12,0,0,10000
1,79,14,0,[NULL],9999
1,82,12,0,0,0
1,64,30,0,0,0
1,80,15,1,0,10000
1,82,14,0,[NULL],9999
1,65,31,0,0,0
1,82,15,2,2,0
1,65,32,0,0,0
1,67,32,0,0,10000
1,66,33,0,0,0
1,87,13,0,0,10000
1,67,33,0,0,0
1,67,34,0,0,0
1,71,33,0,0,10000
1,71,34,0,0,10000
1,72,34,0,0,0
1,71,35,0,0,10000
1,102,6,1,1,10000
1,73,35,0,0,0
1,73,36,0,0,0
1,75,36,0,0,10000
1,74,37,0,0,0
1,75,37,0,0,0
1,95,18,1,0,10000
1,75,38,0,0,0
1,96,19,1,2,0
1,80,38,0,0,0
1,81,39,0,0,0
1,103,18,0,0,0
1,81,40,0,0,0
1,83,40,0,0,10000
1,82,41,0,0,0
1,83,41,0,0,0
1,83,42,0,0,0
1,87,41,0,0,10000
1,87,42,0,0,10000
1,88,42,0,0,0
1,87,43,0,0,10000
1,129,2,3,0,0
1,129,2,2,2,10000
1,128,3,1,0,0
1,114,17,0,0,10000
1,89,43,0,0,0
1,130,3,1,0,0
1,130,3,2,1,0
1,89,44,0,0,0
1,132,3,1,1,10000
1,91,44,0,0,10000
1,90,45,0,0,0
1,117,19,0,0,0
1,91,45,0,0,0
1,133,4,3,0,0
1,91,46,0,0,0
1,136,3,4,0,0
1,136,3,3,3,10000
1,136,3,2,2,10000
1,135,4,4,0,0
1,135,4,3,3,10000
1,136,4,3,1,0
1,135,5,6,1,0
1,132,8,11,2,0
1,137,4,0,1,0
1,96,46,0,0,0
1,97,47,0,0,0
1,97,48,0,0,0
1,99,48,0,0,10000
1,98,49,0,0,0
1,99,49,0,0,0
1,145,4,7,1,0
1,145,4,4,4,10000
1,145,4,5,5,10000
1,143,6,9,1,0
1,99,50,0,0,0
1,146,5,6,1,0
1,145,6,4,1,0
1,147,5,1,0,0
1,103,49,0,0,10000
1,148,5,6,6,10000
1,103,50,0,0,10000
1,144,10,6,2,0
1,104,50,0,0,0
1,103,51,0,0,10000
1,149,6,7,1,0
1,149,6,8,2,0
1,149,6,5,5,10000
1,150,6,4,"1,3",0
1,105,51,0,0,0
1,146,11,8,6,0
1,105,52,0,0,0
1,107,52,0,0,10000
1,106,53,0,0,0
1,107,53,0,0,0
1,107,54,0,0,0
1,111,53,0,[NULL],10000
1,139,26,0,[NULL],9999
1,111,54,0,[NULL],10000
1,160,6,3,[NULL],10000
1,159,7,6,[NULL],10000
1,112,54,0,0,0
1,111,55,0,[NULL],10000
1,160,7,8,[NULL],10000
1,145,23,0,[NULL],10000
1,113,55,0,0,0
1,113,56,0,0,0
1,163,7,11,2,0
1,115,56,0,[NULL],10000
1,114,57,0,0,0
1,166,6,2,[NULL],10000
1,115,57,0,0,0
1,168,5,3,2,0
1,115,58,0,0,0
1,119,57,0,[NULL],10000
1,119,58,0,[NULL],10000
1,119,59,0,[NULL],10000
1,173,6,10,1,0
1,173,6,8,[NULL],10000
1,176,5,6,[NULL],10000
1,154,29,2,[NULL],9999
1,123,60,0,[NULL],10000
1,167,17,1,[NULL],10000
1,180,7,5,1,0
1,127,61,0,[NULL],10000
1,159,30,2,[NULL],9999
1,127,62,0,[NULL],10000
1,127,63,0,[NULL],10000
1,131,64,0,[NULL],10000
1,193,4,2,0,0
1,185,12,9,[NULL],10000
2,3,0,0,0,0
2,5,1,0,0,9999
2,7,0,0,0,0
2,6,1,0,0,0
2,7,1,0,0,0
2,6,2,0,0,9999
2,8,1,0,0,0
2,7,2,0,0,0
2,7,3,0,0,0
2,10,1,0,0,0
2,9,2,0,0,0
2,11,2,0,"0,1",9999
2,12,2,0,0,9999
2,11,3,0,0,9999
2,14,1,0,0,0
2,12,3,0,0,9999
2,11,4,0,0,0
2,16,1,0,0,0
2,14,3,0,0,0
2,13,4,0,0,9999
2,13,5,0,0,9999
2,17,2,1,1,0
2,17,2,0,0,0
2,18,2,0,0,0
2,14,6,0,0,9999
2,19,2,0,0,0
2,17,4,0,0,0
2,20,2,0,0,9999
2,20,3,0,0,0
2,21,3,0,0,9999
2,20,4,0,0,0
2,19,5,0,0,9999
2,21,4,0,0,0
2,19,6,0,0,9999
2,19,7,0,0,9999
2,23,4,0,0,0
2,20,7,0,0,9999
2,19,8,0,0,0
2,21,8,0,0,9999
2,21,9,0,0,9999
2,26,5,1,0,0
2,25,6,0,0,9999
2,23,8,0,0,0
2,23,9,0,0,0
2,22,10,0,0,9999
2,23,10,0,0,0
2,31,3,"0,1",0,0
2,30,4,0,0,0
2,23,11,0,0,0
2,32,4,0,0,0
2,32,5,0,"0,1",0
2,31,6,1,0,9999
2,27,10,0,0,9999
2,36,2,0,0,9999
2,35,3,0,1,9999
2,27,11,0,0,9999
2,36,3,0,0,0
2,33,6,0,0,0
2,28,11,0,0,9999
2,27,12,0,0,0
2,37,3,1,0,9999
2,36,4,0,0,9999
2,36,5,0,0,0
2,34,7,0,0,0
2,29,12,0,0,9999
2,29,13,0,0,9999
2,39,5,0,0,0
2,30,14,0,0,9999
2,43,3,0,0,9999
2,40,6,0,0,9999
2,40,7,0,0,0
2,35,14,0,0,9999
2,35,15,0,0,9999
2,36,15,0,0,9999
2,35,16,0,0,0
2,37,16,0,0,9999
2,37,17,0,0,9999
2,45,10,0,0,9999
2,39,16,0,0,0
2,39,17,0,0,0
2,38,18,0,0,9999
2,39,18,0,0,0
2,49,9,0,0,9999
2,39,19,0,0,0
2,52,9,0,0,0
2,51,10,0,0,9999
2,43,18,0,0,9999
2,43,19,0,0,9999
2,44,19,0,0,9999
2,43,20,0,0,0
2,45,20,0,0,9999
2,45,21,0,0,9999
2,58,9,0,0,0
2,57,10,0,"0,1",0
2,46,22,0,0,9999
2,68,2,0,0,9999
2,67,3,0,0,9999
2,69,2,1,1,0
2,69,2,2,2,0
2,68,3,1,1,0
2,69,3,2,0,9999
2,68,4,1,0,9999
2,71,2,1,1,0
2,70,3,2,2,0
2,51,22,0,0,9999
2,51,23,0,0,9999
2,52,23,0,0,9999
2,51,24,0,0,0
2,53,24,0,0,9999
2,75,3,0,0,9999
2,53,25,0,0,9999
2,75,4,0,0,9999
2,55,24,0,0,0
2,55,25,0,0,0
2,54,26,0,0,9999
2,78,3,1,1,0
2,69,12,0,1,0
2,55,26,0,0,0
2,55,27,0,0,0
2,75,8,"1,2",0,0
2,59,26,0,0,9999
2,59,27,0,0,9999
2,60,27,0,0,9999
2,59,28,0,0,0
2,79,10,0,"0,1",0
2,61,28,0,0,9999
2,79,11,0,0,0
2,61,29,0,0,9999
2,83,8,0,1,9999
2,62,30,0,0,9999
2,80,13,0,1,0
2,80,15,0,1,0
2,84,12,0,0,9999
2,67,30,0,0,9999
2,67,31,0,0,9999
2,68,31,0,0,9999
2,67,32,0,0,0
2,95,5,1,1,0
2,87,13,0,0,0
2,69,32,0,0,9999
2,98,4,0,1,9999
2,69,33,0,0,9999
2,91,12,1,0,9999
2,71,32,0,0,0
2,91,13,2,1,9999
2,71,33,0,0,0
2,70,34,0,0,9999
2,71,34,0,0,0
2,100,6,2,[NULL],9998
2,92,14,0,0,9999
2,71,35,0,0,0
2,102,6,1,1,0
2,75,34,0,0,9999
2,75,35,0,0,9999
2,76,35,0,0,9999
2,75,36,0,0,0
2,95,18,0,1,0
2,77,36,0,0,9999
2,77,37,0,0,9999
2,78,38,0,0,9999
2,100,17,0,0,0
2,100,19,0,0,0
2,83,38,0,0,9999
2,83,39,0,0,9999
2,105,18,0,0,0
2,84,39,0,0,9999
2,83,40,0,0,0
2,85,40,0,0,9999
2,85,41,0,0,9999
2,87,40,0,0,0
2,87,41,0,0,0
2,86,42,0,0,9999
2,87,42,0,0,0
2,87,43,0,0,0
2,129,2,2,2,0
2,91,42,0,0,9999
2,91,43,0,0,9999
2,132,3,1,1,0
2,92,43,0,0,9999
2,91,44,0,0,0
2,133,3,2,0,9999
2,132,4,1,2,9999
2,93,44,0,0,9999
2,134,4,2,[NULL],9998
2,93,45,0,0,9999
2,136,3,3,3,0
2,136,3,2,2,0
2,135,4,3,3,0
2,94,46,0,0,9999
2,120,23,0,0,0
2,140,5,4,[NULL],9998
2,140,5,6,1,9999
2,139,6,7,0,9999
2,99,46,0,0,9999
2,99,47,0,0,9999
2,141,6,11,[NULL],9998
2,100,47,0,0,9999
2,99,48,0,0,0
2,140,8,8,0,9999
2,145,4,4,4,0
2,145,4,5,5,0
2,101,48,0,0,9999
2,142,8,8,[NULL],9998
2,101,49,0,0,9999
2,103,48,0,0,0
2,103,49,0,0,0
2,102,50,0,0,9999
2,148,5,6,6,0
2,103,50,0,0,0
2,149,5,2,[NULL],9998
2,147,7,5,[NULL],9998
2,103,51,0,0,0
2,149,6,5,5,0
2,147,10,2,[NULL],9998
2,149,10,11,[NULL],9998
2,107,52,0,0,0
0,17,2,0,1,10000
0,17,3,0,2,10000
0,15,5,0,0,2
0,16,5,0,0,2
0,21,6,0,0,9999
0,24,4,0,0,1
0,24,5,0,0,1
0,25,5,0,0,1
0,26,6,0,0,1
0,27,6,0,0,9999
0,24,9,0,0,2
0,33,2,0,1,10000
0,32,3,0,1,2
0,33,3,0,1,10000
0,28,8,0,0,3
0,32,5,0,0,10000
0,32,6,0,1,10000
0,33,6,0,0,10000
0,33,7,0,1,10000
0,35,6,0,0,10000
0,34,7,0,0,1
0,40,3,0,1,10000
0,41,3,0,0,10000
0,40,4,"0,2",[NULL],9998
0,40,4,2,2,10000
0,40,4,1,1,10000
0,39,5,0,1,10000
0,39,5,1,3,10000
0,38,6,0,1,10000
0,40,5,1,1,1
0,40,5,0,0,1
0,39,6,0,0,1
0,36,9,0,0,2
0,35,10,0,1,3
0,40,6,0,2,10000
0,39,7,0,1,10000
0,42,5,0,[NULL],9985
0,41,6,1,0,1
0,41,6,0,1,10000
0,40,7,0,0,10000
0,45,3,0,2,10000
0,41,7,0,1,10000
0,39,9,1,0,10000
0,42,7,0,0,1
0,40,9,0,0,10000
0,46,4,0,0,10000
0,45,5,0,2,10000
0,45,5,1,3,10000
0,45,6,0,"0,1",10000
0,43,8,0,1,1
0,42,9,0,0,1
0,41,10,0,"0,1",1
0,41,10,1,0,9999
0,48,4,0,3,10000
0,47,5,0,2,10000
0,47,6,0,1,2
0,46,7,0,1,10000
0,46,7,1,2,10000
0,49,5,0,2,10000
0,47,7,0,0,10000
0,45,9,0,0,10000
0,42,12,0,0,2
0,51,4,0,1,10000
0,48,7,0,0,1
0,48,7,1,0,10000
0,46,9,0,0,10000
0,50,6,1,2,10000
0,49,7,0,0,10000
0,48,8,0,1,1
0,48,8,1,0,1
0,51,6,0,0,10000
0,48,9,0,1,1
0,53,5,1,2,10000
0,52,6,0,1,10000
0,49,9,0,1,1
0,47,11,0,0,10000
0,54,5,0,0,10000
0,53,6,0,0,10000
0,51,8,0,0,10000
0,53,7,0,1,10000
0,52,8,0,"0,1",10000
0,52,8,1,1,10000
0,48,12,0,0,1
0,54,7,0,0,9998
0,53,8,0,0,1
0,52,9,0,0,1
0,48,13,0,0,4
0,54,9,0,[NULL],9983
0,53,10,0,1,10000
0,52,11,0,1,9999
0,53,11,0,1,10000
0,54,11,0,[NULL],9984
0,55,11,0,0,2
0,55,11,1,1,10000
0,53,13,0,0,3
0,58,9,0,1,1
0,54,13,0,0,2
0,62,6,0,5,10000
0,58,10,0,0,9998
0,64,5,0,2,10000
0,63,6,1,5,10000
0,63,6,0,2,10000
0,60,9,0,0,3
0,59,10,0,[NULL],9996
0,65,5,0,1,10000
0,64,6,1,[NULL],9999
0,63,7,0,3,10000
0,62,8,2,4,10000
0,65,6,0,3,10000
0,64,7,1,3,10000
0,63,8,"0,1","0,2",10000
0,68,4,0,3,10000
0,67,5,1,4,10000
0,67,5,0,3,10000
0,66,6,1,3,10000
0,65,7,0,1,1
0,65,7,1,[NULL],9997
0,64,8,0,2,10000
0,63,9,0,"0,1",10000
0,60,12,1,1,10000
0,69,4,0,3,10000
0,66,7,0,0,1
0,65,8,1,[NULL],9998
0,64,9,1,2,1
0,64,9,0,[NULL],9999
0,60,13,0,[NULL],4
0,68,6,0,[NULL],9999
0,68,6,1,3,10000
0,67,7,0,"0,3",10000
0,64,10,0,3,10000
0,70,5,0,3,10000
0,69,6,0,2,10000
0,68,7,2,3,10000
0,67,8,1,2,10000
0,67,8,0,1,10000
0,66,9,1,"0,1",1
0,66,9,0,0,10000
0,65,10,1,1,1
0,65,10,0,"0,1",10000
0,65,10,2,3,10000
0,71,5,"1,2",1,1
0,71,5,2,[NULL],9998
0,71,5,0,3,10000
0,70,6,1,4,10000
0,68,8,"0,1","3,4",10000
0,66,10,0,1,1
0,66,10,1,2,10000
0,65,11,0,2,10000
0,61,15,0,[NULL],10
0,70,7,1,1,10000
0,66,11,0,0,1
0,72,6,0,4,1
0,72,6,1,5,10000
0,71,7,"0,1","0,1,2",10000
0,67,11,0,[NULL],9999
0,67,11,1,2,10000
0,66,12,1,[NULL],6
0,66,12,0,0,10000
0,65,13,1,0,10000
0,72,7,0,[NULL],9999
0,71,8,0,1,1
0,68,11,0,0,10000
0,67,12,1,1,1
0,66,13,0,[NULL],7
0,77,3,0,3,10000
0,75,5,0,3,10000
0,74,6,0,3,1
0,74,6,1,3,10000
0,73,7,1,4,1
0,73,7,0,[NULL],9994
0,73,7,2,3,10000
0,72,8,1,3,1
0,72,8,0,[NULL],3
0,69,11,0,2,10000
0,74,7,1,1,1
0,74,7,0,[NULL],9999
0,73,8,0,[NULL],9995
0,70,11,0,"0,1",10000
0,66,15,1,[NULL],9
0,79,3,0,4,10000
0,78,4,0,2,10000
0,77,5,1,7,10000
0,76,6,0,3,10000
0,75,7,0,4,10000
0,72,10,1,1,1
0,71,11,0,1,10000
0,69,13,"0,1","2,3",10000
0,77,6,0,[NULL],9999
0,76,7,0,5,10000
0,75,8,0,5,1
0,74,9,0,1,1
0,71,12,1,1,10000
0,71,12,0,0,10000
0,81,3,0,2,10000
0,80,4,1,6,10000
0,78,6,2,[NULL],9998
0,78,6,1,6,10000
0,77,7,2,7,10000
0,77,7,3,8,10000
0,77,7,1,6,10000
0,76,8,1,4,10000
0,72,12,0,0,1
0,72,12,1,0,9999
0,71,13,1,0,10000
0,70,14,"0,2","0,2",10000
0,81,4,0,0,1
0,78,7,0,2,10000
0,78,7,1,4,10000
0,76,9,1,4,10000
0,73,12,0,0,1
0,72,13,1,0,1
0,71,14,"0,1",0,10000
0,68,17,0,1,2
0,81,5,0,4,10000
0,80,6,0,1,10000
0,79,7,0,[NULL],9999
0,78,8,1,3,10000
0,73,13,0,0,1
0,83,4,0,0,10000
0,82,5,0,1,1
0,81,6,0,[NULL],9999
0,80,7,0,2,1
0,79,8,1,2,1
0,79,8,0,[NULL],9996
0,79,8,2,2,10000
0,78,9,0,1,1
0,78,9,1,2,10000
0,74,13,0,0,1
0,73,14,0,[NULL],8
0,72,15,"1,2","0,1",1
0,72,15,2,1,9999
0,84,4,1,7,10000
0,82,6,2,6,10000
0,82,6,1,5,10000
0,81,7,0,4,10000
0,80,8,0,[NULL],9998
0,79,9,1,2,10000
0,79,9,0,"0,2",10000
0,78,10,1,0,1
0,78,10,0,1,10000
0,74,14,0,2,1
0,73,15,0,0,10000
0,81,8,1,2,10000
0,80,9,0,3,1
0,80,9,2,[NULL],9998
0,80,9,1,3,10000
0,79,10,1,0,1
0,77,12,0,2,10000
0,84,6,0,3,10000
0,82,8,0,0,10000
0,82,8,1,1,10000
0,80,10,0,0,1
0,80,10,1,3,10000
0,79,11,0,1,10000
0,75,15,1,1,10000
0,73,17,1,0,3
0,85,6,0,2,10000
0,83,8,0,"0,1",10000
0,83,8,1,1,10000
0,81,10,0,2,10000
0,80,11,0,2,10000
0,74,17,0,2,2
0,86,6,1,1,10000
0,82,10,1,1,1
0,82,10,0,0,10000
0,81,11,0,2,10000
0,79,13,1,1,1
0,79,13,2,3,10000
0,86,7,0,[NULL],9999
0,84,9,0,1,1
0,83,10,0,[NULL],9999
0,81,12,1,0,1
0,81,12,0,0,10000
0,80,13,1,0,3
0,80,13,0,0,10000
0,79,14,0,[NULL],12
0,88,6,0,0,1
0,86,8,1,3,1
0,86,8,0,"0,1",10000
0,85,9,0,[NULL],9999
0,85,9,1,3,10000
0,84,10,0,[NULL],9999
0,84,10,1,3,10000
0,83,11,0,[NULL],9998
0,85,10,0,[NULL],9999
0,84,11,0,[NULL],9999
0,89,7,0,1,1
0,88,8,0,0,1
0,88,8,1,2,10000
0,85,11,0,[NULL],9999
0,83,13,0,1,10000
0,82,14,1,1,10000
0,81,15,2,2,10000
0,80,16,1,0,10000
0,89,8,0,[NULL],9997
0,88,9,0,[NULL],9997
0,86,11,1,"0,2",1
0,86,11,2,4,10000
0,86,11,0,3,10000
0,83,14,1,2,10000
0,94,4,0,5,10000
0,89,9,0,[NULL],9998
0,95,4,0,3,10000
0,92,7,0,[NULL],9999
0,87,12,1,3,10000
0,85,14,1,[NULL],10
0,85,14,0,1,10000
0,93,7,0,[NULL],9999
0,91,9,0,4,10000
0,89,11,0,[NULL],9998
0,86,14,1,2,10000
0,85,15,0,0,10000
0,95,6,1,[NULL],9999
0,92,9,1,6,10000
0,88,13,2,[NULL],9997
0,88,13,1,[NULL],9999
0,87,14,0,0,1
0,86,15,0,0,1
0,95,7,1,5,10000
0,92,10,0,5,10000
0,90,12,0,2,10000
0,88,14,0,2,10000
0,87,15,0,1,1
0,87,15,1,1,10000
0,85,17,0,0,10000
0,94,9,1,4,10000
0,93,10,1,5,10000
0,89,14,1,2,1
0,89,14,0,2,10000
0,88,15,1,1,10000
0,97,7,1,6,10000
0,96,8,2,6,10000
0,95,9,0,[NULL],9999
0,93,11,0,[NULL],9999
0,92,12,1,6,10000
0,89,15,0,2,10000
0,99,6,0,2,10000
0,97,8,0,2,1
0,92,13,0,[NULL],9999
0,97,9,1,5,10000
0,95,11,2,3,10000
0,93,13,1,0,1
0,93,13,2,3,10000
0,101,6,0,[NULL],9999
0,97,10,0,[NULL],9997
0,96,11,1,[NULL],9999
0,96,11,0,1,10000
0,94,13,1,[NULL],9998
0,93,14,2,2,1
0,96,12,0,4,10000
0,90,18,0,0,10000
0,97,12,2,4,10000
0,94,15,0,1,10000
0,100,10,2,[NULL],9999
0,99,11,0,1,10000
0,99,11,2,5,10000
0,98,12,0,4,10000
0,105,6,0,[NULL],9999
0,104,7,1,1,1
0,102,9,1,[NULL],9999
0,100,11,0,2,10000
0,99,12,1,[NULL],9997
0,98,13,0,[NULL],9998
0,97,14,0,0,10000
0,96,15,1,1,10000
0,101,11,3,4,10000
0,99,13,1,2,10000
0,98,14,1,2,10000
0,97,15,0,0,10000
0,99,14,0,0,10000
0,96,17,0,1,1
0,99,15,0,0,1
0,95,19,2,1,10000
0,105,10,1,1,10000
0,104,11,0,"0,1",1
0,102,13,2,2,10000
0,102,13,1,1,10000
0,101,14,1,3,10000
0,99,16,0,1,10000
0,98,17,0,0,10000
0,102,14,0,0,10000
0,101,15,0,3,10000
0,100,16,1,2,10000
0,102,15,0,[NULL],9999
0,101,16,0,0,1
0,100,17,2,1,3
0,100,17,1,[NULL],9984
0,100,17,0,[NULL],9984
0,110,8,0,4,10000
0,110,8,1,6,10000
0,109,9,"0,1","4,5",10000
0,109,9,1,5,10000
0,108,10,0,0,10000
0,105,13,0,[NULL],9999
0,104,14,0,[NULL],9997
0,110,9,1,[NULL],9999
0,110,9,0,0,10000
0,109,10,0,1,10000
0,109,10,1,2,10000
0,107,12,0,[NULL],8
0,104,15,0,[NULL],9998
0,113,7,1,2,10000
0,113,7,0,1,10000
0,111,9,0,1,1
0,111,9,3,5,10000
0,111,9,2,4,10000
0,109,11,1,1,10000
0,105,15,1,0,1
0,104,16,0,[NULL],9999
0,100,20,1,2,10000
0,108,13,1,[NULL],9999
0,108,13,0,3,10000
0,105,16,0,[NULL],9999
0,104,17,0,1,10000
0,112,10,2,4,10000
0,111,11,1,0,1
0,109,13,1,[NULL],9999
0,109,13,0,[NULL],9999
0,107,15,1,[NULL],11
0,113,10,0,0,10000
0,106,17,0,1,1
0,116,8,1,0,10000
0,114,10,1,1,10000
0,113,11,2,[NULL],9998
0,113,11,0,1,10000
0,112,12,0,3,10000
0,106,18,1,"0,1",1
0,115,10,0,[NULL],9998
0,114,11,1,2,1
0,112,13,2,4,10000
0,110,15,2,6,10000
0,115,11,0,[NULL],9999
0,113,13,1,0,10000
0,111,15,3,5,10000
0,110,16,3,4,10000
0,110,16,2,3,10000
0,105,21,2,2,10000
0,116,11,1,3,10000
0,113,14,0,[NULL],9999
0,113,14,1,3,10000
0,112,15,3,5,10000
0,111,16,"0,1","0,2",10000
0,118,10,1,7,10000
0,116,12,0,[NULL],9998
0,114,14,2,3,10000
0,113,15,2,[NULL],9999
0,113,15,1,[NULL],9999
0,112,16,1,0,1
0,112,16,2,[NULL],9999
0,112,16,3,4,10000
0,111,17,0,"0,1",10000
0,110,18,"0,1","0,1",10000
0,110,18,2,2,10000
0,117,12,1,[NULL],9999
0,116,13,0,[NULL],9999
0,112,17,1,"2,3",1
0,112,17,2,2,2
0,111,18,0,[NULL],14
0,116,14,0,[NULL],9999
0,115,15,1,[NULL],9999
0,115,15,0,[NULL],9999
0,112,18,0,5,10000
0,115,16,2,5,10000
0,115,16,0,"2,5",10000
0,113,18,2,2,1
0,113,18,3,[NULL],9999
0,113,18,0,"0,1,2",10000
0,112,19,1,[NULL],14
0,116,16,3,7,10000
0,116,16,"1,2","5,6",10000
0,114,18,1,2,10000
0,113,19,1,3,10000
0,126,7,1,11,10000
0,114,19,0,0,1
0,113,20,1,3,1
0,126,8,5,[NULL],9999
0,125,9,3,[NULL],9999
0,117,17,2,[NULL],9999
0,117,17,1,[NULL],9999
0,117,17,3,5,10000
0,114,20,0,0,10000
0,120,15,1,[NULL],9999
0,118,17,3,[NULL],9998
0,118,17,"1,4",[NULL],9999
0,118,17,"2,4",[NULL],9999
0,116,19,0,0,10000
0,115,20,1,1,1
0,120,16,1,4,1
0,119,17,1,4,10000
0,117,19,1,4,10000
0,126,11,"3,4","7,8",10000
0,124,13,2,[NULL],9999
0,118,19,0,"0,1",10000
0,121,17,"2,3","3,4",10000
0,119,19,1,0,1
0,118,20,0,4,3
0,118,20,1,3,10000
0,117,21,"0,1,3","2,3",10000
0,117,21,3,3,10000
0,122,17,1,[NULL],12
0,122,17,0,"0,2",10000
0,119,20,1,3,10000
0,119,20,0,0,10000
0,118,21,0,0,10000
0,124,16,1,[NULL],9999
0,123,17,1,[NULL],9999
0,120,20,0,[NULL],11
0,119,21,0,0,10000
0,118,22,2,2,10000
0,133,8,4,5,10000
0,124,17,0,3,10000
0,121,20,0,0,1
0,119,22,1,[NULL],9999
0,135,7,0,5,10000
0,130,12,2,[NULL],9999
0,127,15,2,[NULL],9999
0,121,21,1,0,1
0,128,15,1,2,10000
0,120,23,1,1,1
0,137,7,0,7,1
0,137,7,1,8,10000
0,137,7,2,9,10000
0,135,9,3,[NULL],9999
0,130,14,0,2,10000
0,129,15,1,6,10000
0,126,18,"2,4",5,10000
0,123,21,0,[NULL],9999
0,122,22,0,5,1
0,120,24,1,1,10000
0,131,14,2,6,1
0,140,6,0,12,10000
0,129,17,2,[NULL],9999
0,129,17,1,[NULL],9999
0,129,17,0,2,10000
0,128,18,1,[NULL],9999
0,128,18,3,3,10000
0,127,19,3,3,10000
0,131,16,0,[NULL],9999
0,129,18,0,"0,1",10000
0,128,19,3,[NULL],9999
0,128,19,2,[NULL],9999
0,124,23,1,[NULL],9999
0,130,18,0,2,1
0,130,18,1,3,10000
0,129,19,0,2,10000
0,129,19,1,3,10000
0,128,20,1,3,10000
0,127,21,"1,2",3,10000
0,125,23,0,[NULL],21
0,135,14,0,[NULL],9999
0,130,19,2,0,9999
0,130,19,1,[NULL],9999
0,129,20,3,[NULL],9999
0,129,20,2,[NULL],9999
0,129,20,0,0,10000
0,128,21,"0,1","0,1",10000
0,128,21,3,1,10000
0,140,10,5,13,10000
0,140,10,"3,4,6","11,12,14",10000
0,136,14,3,7,10000
0,132,18,1,[NULL],9999
0,142,9,4,8,10000
0,140,11,3,11,10000
0,137,14,2,[NULL],2
0,131,20,2,3,1
0,130,21,1,[NULL],9997
0,130,21,0,[NULL],9997
0,142,10,3,10,10000
0,133,19,1,[NULL],9999
0,133,19,2,[NULL],9999
0,131,21,1,2,10000
0,130,22,"0,2",[NULL],9998
0,130,22,3,0,10000
0,129,23,2,0,10000
0,137,16,1,[NULL],9995
0,135,18,0,"1,4",10000
0,132,21,1,[NULL],9999
0,132,21,0,2,10000
0,131,22,1,3,10000
0,130,23,3,[NULL],9999
0,147,7,3,9,10000
0,144,10,1,[NULL],9998
0,143,11,4,12,10000
0,142,12,2,[NULL],9999
0,133,21,"0,2","0,2,3",10000
0,132,22,"0,1",3,10000
0,144,11,1,[NULL],9999
0,133,22,"0,1",0,10000
0,144,12,4,5,10000
0,141,15,2,3,10000
0,139,17,2,6,10000
0,134,22,"0,2","1,3",10000
0,133,23,3,3,10000
0,131,25,2,[NULL],23
0,105,51,0,0,1
0,144,13,1,[NULL],9999
0,140,17,"2,3",7,10000
0,136,21,4,[NULL],9997
0,136,21,1,[NULL],9999
0,136,21,2,[NULL],9999
0,135,22,1,[NULL],9998
0,134,23,0,[NULL],9959
0,132,25,0,[NULL],9997
0,105,52,0,0,1
0,147,11,1,[NULL],9999
0,137,21,1,2,1
0,137,21,2,[NULL],2
0,136,22,1,3,10000
0,135,23,3,[NULL],9999
0,135,23,2,1,10000
0,106,52,0,0,1
0,143,16,0,[NULL],9999
0,142,17,1,6,10000
0,141,18,1,[NULL],9999
0,138,21,0,[NULL],9995
0,138,21,1,[NULL],9995
0,137,22,2,[NULL],9996
0,136,23,3,[NULL],9999
0,136,23,1,1,10000
0,147,13,2,[NULL],9999
0,142,18,"2,4",[NULL],9998
0,138,22,1,[NULL],1
0,138,23,1,[NULL],9997
0,137,24,0,[NULL],9998
0,142,20,4,[NULL],9999
0,137,25,3,[NULL],9999
0,149,14,2,[NULL],1
0,142,21,4,[NULL],9999
0,142,21,0,[NULL],9999
0,139,24,1,[NULL],1
0,138,25,2,[NULL],9999
0,157,7,1,15,10000
0,152,12,3,[NULL],9998
0,147,18,2,9,10000
0,146,19,4,8,10000
0,145,20,4,7,10000
0,144,21,2,[NULL],9966
0,144,21,0,[NULL],9998
0,138,27,2,[NULL],9965
0,144,22,2,[NULL],9999
0,143,23,1,[NULL],9996
0,143,23,0,[NULL],9996
0,142,24,"1,2",2,10000
0,139,27,0,[NULL],21
0,157,10,3,13,10000
0,155,12,5,10,10000
0,160,8,2,[NULL],9999
0,160,8,4,16,10000
0,155,13,1,[NULL],9999
0,148,20,3,[NULL],9999
0,147,21,4,4,10000
0,145,23,1,[NULL],9968
0,142,26,4,4,10000
0,113,55,0,[NULL],10
0,161,8,1,[NULL],9999
0,157,12,4,[NULL],9999
0,149,20,1,[NULL],9998
0,113,56,0,[NULL],10
0,157,13,4,[NULL],9999
0,149,21,2,[NULL],9999
0,145,25,0,[NULL],1
0,156,15,0,[NULL],9999
0,155,16,0,[NULL],9997
0,153,18,3,5,10000
0,150,21,2,[NULL],1
0,149,22,2,[NULL],9995
0,149,22,0,[NULL],9999
0,147,24,1,0,10000
0,144,27,3,[NULL],9972
0,153,19,1,[NULL],9999
0,145,27,2,[NULL],21
0,168,5,0,[NULL],9999
0,160,13,3,[NULL],9999
0,154,19,4,[NULL],9999
0,149,24,0,[NULL],9997
0,148,25,"0,1",[NULL],9997
0,115,58,0,[NULL],14
0,154,20,2,2,10000
0,145,29,5,[NULL],3
0,158,17,1,[NULL],9999
0,158,17,3,8,10000
0,155,20,1,"2,3",10000
0,151,24,2,[NULL],9999
0,150,25,0,[NULL],2
0,150,25,1,[NULL],9996
0,148,27,2,[NULL],9999
0,168,8,1,8,10000
0,156,20,1,[NULL],9999
0,160,17,4,[NULL],9999
0,160,17,3,[NULL],9999
0,156,21,2,[NULL],3
0,155,22,3,[NULL],9996
0,155,22,0,4,10000
0,119,58,0,0,10000
0,159,19,3,[NULL],9999
0,159,19,4,6,10000
0,150,28,2,[NULL],9999
0,149,29,"2,3",3,10000
0,155,24,3,[NULL],9999
0,120,59,0,0,10000
0,173,7,1,[NULL],9999
0,159,21,4,5,10000
0,120,60,0,0,10000
0,161,20,1,[NULL],9999
0,121,61,0,0,10000
0,175,8,0,[NULL],9998
0,161,22,2,[NULL],9999
0,122,61,0,0,10000
0,174,10,2,7,10000
0,167,17,2,5,10000
0,163,21,"1,2",[NULL],9999
0,162,22,2,4,10000
0,161,23,1,[NULL],9999
0,155,29,3,[NULL],9999
0,122,62,0,0,10000
0,123,62,0,[NULL],27
0,175,11,5,[NULL],9999
0,167,19,3,[NULL],9999
0,163,23,3,[NULL],9998
0,163,24,3,5,10000
0,162,26,3,4,10000
0,161,27,2,5,10000
0,164,25,2,[NULL],9998
0,162,27,"3,5",5,10000
0,161,28,2,[NULL],9998
0,127,62,0,0,10000
0,173,17,3,12,10000
0,165,25,2,7,10000
0,163,27,3,5,10000
0,174,17,0,11,10000
0,169,22,4,[NULL],3
0,168,23,2,[NULL],9995
0,166,25,0,[NULL],9999
0,165,26,1,[NULL],9999
0,128,63,0,0,10000
0,167,25,5,6,10000
0,165,27,4,6,10000
0,164,28,3,[NULL],9993
0,129,63,0,[NULL],33
0,128,64,0,0,10000
0,181,12,3,[NULL],9999
0,172,21,3,10,10000
0,170,23,0,[NULL],9999
0,129,64,0,[NULL],33
0,171,23,3,[NULL],3
0,171,23,2,[NULL],9999
0,166,28,3,6,10000
0,163,31,0,[NULL],10000
0,129,65,0,0,10000
0,173,22,3,[NULL],9999
0,169,26,1,[NULL],4
0,168,27,2,[NULL],9999
0,130,65,0,0,10000
0,183,13,1,[NULL],9998
0,179,17,3,[NULL],9999
0,175,21,4,[NULL],9999
0,174,22,3,[NULL],1
0,174,22,5,[NULL],9999
0,174,22,2,[NULL],9999
0,130,66,0,0,10000
0,175,22,2,[NULL],9999
0,174,23,4,[NULL],9999
0,173,24,0,[NULL],9999
0,169,28,"1,3",[NULL],9997
0,168,29,"0,1",[NULL],9997
0,168,29,6,[NULL],9998
0,173,25,4,[NULL],9999
0,175,24,0,[NULL],9999
0,175,24,1,[NULL],9999
0,168,31,4,[NULL],9999
0,190,10,4,[NULL],10000
0,175,25,3,[NULL],6
0,175,25,2,[NULL],10000
0,170,30,3,[NULL],1
1,15,3,0,0,10000
1,18,1,1,1,10000
1,18,1,0,0,10000
1,15,4,1,0,0
1,15,4,0,0,10000
1,18,2,1,0,0
1,18,2,0,0,10000
1,15,5,0,0,10000
1,18,3,2,0,0
1,18,3,1,1,10000
1,15,6,0,0,10000
1,15,7,0,0,10000
1,22,1,0,0,10000
1,21,2,1,1,10000
1,21,2,0,0,10000
1,22,2,0,0,10000
1,23,2,0,0,10000
1,22,3,2,0,0
1,22,3,0,0,10000
1,22,3,1,1,10000
1,20,5,0,0,9999
1,23,3,1,0,0
1,23,3,0,0,10000
1,22,4,0,0,10000
1,24,3,0,0,10000
1,22,7,0,0,1
1,30,1,0,0,10000
1,32,1,1,0,0
1,32,1,0,0,10000
1,31,2,2,0,0
1,31,2,1,1,10000
1,33,2,2,0,0
1,33,2,0,0,10000
1,33,2,1,1,10000
1,32,3,1,0,0
1,32,3,0,0,10000
1,31,4,0,0,10000
1,28,7,0,0,1
1,34,2,1,0,0
1,34,2,0,0,10000
1,33,3,0,0,10000
1,34,3,1,0,0
1,34,3,0,0,10000
1,33,4,1,0,0
1,32,5,2,1,0
1,32,5,1,0,9998
1,32,5,0,0,10000
1,31,6,1,1,9999
1,33,5,0,0,0
1,37,2,0,0,10000
1,37,2,1,1,10000
1,37,2,2,2,10000
1,35,4,0,0,10000
1,34,5,1,1,10000
1,34,5,0,0,10000
1,33,6,1,0,0
1,33,6,0,0,10000
1,35,5,0,0,10000
1,34,6,0,0,0
1,39,2,2,0,0
1,39,2,0,0,10000
1,39,2,1,1,10000
1,38,3,3,0,0
1,38,3,2,2,10000
1,38,3,1,1,10000
1,37,4,1,1,10000
1,37,4,0,0,10000
1,34,7,1,0,0
1,34,7,0,0,10000
1,31,10,0,0,10000
1,39,3,1,0,0
1,39,3,0,0,10000
1,38,4,2,2,10000
1,38,4,1,1,10000
1,38,4,0,"0,1",10000
1,37,5,2,0,0
1,36,6,0,0,0
1,31,11,0,0,10000
1,41,2,1,1,10000
1,40,3,3,0,0
1,40,3,0,0,10000
1,40,3,1,1,10000
1,40,3,2,2,10000
1,39,4,0,0,10000
1,38,5,2,0,0
1,38,5,1,1,10000
1,37,6,2,0,0
1,31,12,0,0,10000
1,41,3,1,0,0
1,40,4,3,1,0
1,40,4,1,0,10000
1,31,13,0,0,10000
1,42,3,0,0,0
1,41,4,2,2,0
1,41,4,1,1,0
1,41,4,0,0,10000
1,40,5,1,0,0
1,40,5,3,1,0
1,40,5,0,0,10000
1,39,6,1,0,0
1,39,6,0,0,10000
1,31,14,0,0,10000
1,31,15,0,0,10000
1,45,2,0,0,10000
1,45,2,1,1,10000
1,44,3,0,0,10000
1,44,3,1,1,10000
1,43,4,0,1,10000
1,42,5,0,0,10000
1,42,5,1,1,10000
1,41,6,2,0,0
1,41,6,0,0,10000
1,41,6,1,1,10000
1,40,7,1,0,0
1,40,7,0,0,10000
1,39,8,0,0,9998
1,45,3,1,1,10000
1,44,4,0,1,10000
1,42,6,1,0,0
1,42,6,0,0,10000
1,41,7,0,0,0
1,46,3,2,0,0
1,46,3,0,0,10000
1,45,4,4,0,0
1,45,4,1,1,10000
1,45,4,2,2,10000
1,45,4,3,3,10000
1,44,5,1,1,10000
1,44,5,0,0,10000
1,42,7,1,0,0
1,42,7,0,0,10000
1,40,9,0,1,0
1,46,4,0,0,10000
1,45,5,1,0,10000
1,45,5,2,1,10000
1,45,5,0,2,10000
1,41,9,0,0,0
1,49,2,0,0,10000
1,48,3,2,2,10000
1,48,3,0,0,10000
1,47,4,0,0,0
1,47,4,1,0,10000
1,47,4,2,1,10000
1,46,5,2,0,0
1,46,5,3,1,0
1,46,5,1,1,10000
1,46,5,0,0,10000
1,45,6,0,0,10000
1,45,6,1,1,10000
1,49,3,0,0,10000
1,46,6,"0,1",0,0
1,46,6,2,1,10000
1,46,6,1,0,10000
1,50,3,0,0,10000
1,50,3,1,1,10000
1,49,4,3,0,0
1,49,4,2,2,10000
1,48,5,2,0,0
1,48,5,0,0,10000
1,48,5,1,1,10000
1,46,7,0,"0,1",10000
1,46,7,1,1,10000
1,45,8,0,0,10000
1,42,11,0,1,1
1,48,6,0,0,10000
1,47,7,1,0,0
1,47,7,2,1,0
1,47,7,0,0,10000
1,46,8,0,0,10000
1,52,3,0,0,10000
1,51,4,3,0,0
1,51,4,0,0,10000
1,51,4,1,1,10000
1,51,4,2,2,10000
1,50,5,2,0,0
1,50,5,0,0,10000
1,50,5,1,1,10000
1,48,7,0,0,0
1,46,9,0,0,0
1,39,16,0,0,10000
1,52,4,1,0,0
1,51,5,1,1,10000
1,51,5,0,0,10000
1,49,7,0,1,0
1,48,8,1,1,0
1,47,9,0,0,0
1,53,4,0,0,10000
1,53,4,1,1,10000
1,52,5,2,0,0
1,52,5,1,1,10000
1,52,5,0,0,10000
1,51,6,2,1,0
1,51,6,1,2,9998
1,50,7,0,0,0
1,54,4,0,0,10000
1,52,6,0,0,0
1,51,7,1,1,10000
1,51,7,0,"0,1",10000
1,54,5,2,1,0
1,54,5,1,0,10000
1,53,6,1,0,0
1,53,6,0,0,10000
1,52,7,0,0,10000
1,51,8,0,0,10000
1,48,11,0,0,0
1,47,12,"0,1",[NULL],6
1,55,5,0,0,0
1,54,6,0,0,0
1,52,8,0,0,0
1,54,7,1,0,0
1,53,8,"0,1",0,0
1,53,8,1,1,0
1,52,9,0,0,10000
1,51,10,0,"0,1",9997
1,54,8,0,1,10000
1,53,9,0,[NULL],1
1,52,10,0,0,9998
1,62,1,0,0,10000
1,56,8,0,1,10000
1,55,9,0,0,2
1,54,10,1,0,0
1,63,2,2,0,0
1,63,2,1,1,10000
1,58,7,0,0,10000
1,56,9,1,0,10000
1,54,11,1,0,0
1,53,12,1,0,1
1,62,4,1,1,10000
1,61,5,3,3,10000
1,57,9,0,0,9996
1,47,19,0,0,10000
1,65,2,3,0,0
1,65,2,1,1,10000
1,65,2,0,0,10000
1,65,2,2,2,10000
1,64,3,1,0,0
1,64,3,0,0,10000
1,63,4,0,[NULL],9999
1,62,5,1,1,10000
1,61,6,"1,2","1,2",10000
1,57,10,"0,1",0,10000
1,56,11,1,1,0
1,47,20,0,0,10000
1,63,5,2,[NULL],9996
1,63,5,0,1,10000
1,62,6,2,[NULL],9997
1,59,9,0,1,10000
1,58,10,0,[NULL],9999
1,47,21,0,0,10000
1,66,3,2,0,0
1,66,3,3,1,0
1,66,3,1,1,10000
1,63,6,5,0,0
1,63,6,0,"2,3",10000
1,63,6,"1,2","0,2",10000
1,63,6,3,2,10000
1,62,7,1,1,10000
1,47,22,0,0,10000
1,65,5,2,0,0
1,64,6,5,1,0
1,64,6,2,0,0
1,64,6,1,1,10000
1,64,6,"3,4",2,10000
1,62,8,1,2,10000
1,62,8,0,"0,2",10000
1,47,23,0,0,10000
1,66,5,1,0,0
1,65,6,1,1,10000
1,64,7,3,0,0
1,64,7,1,1,10000
1,63,8,4,2,0
1,63,8,0,0,10000
1,62,9,"0,1,3","0,1",10000
1,60,11,0,0,10000
1,59,12,0,0,2
1,67,5,2,2,10000
1,66,6,3,0,0
1,65,7,3,1,0
1,65,7,1,[NULL],9998
1,64,8,"0,2","0,1",0
1,64,8,2,[NULL],9998
1,64,8,1,0,10000
1,63,9,1,1,10000
1,69,4,3,0,0
1,69,4,1,1,10000
1,68,5,4,1,0
1,68,5,3,0,0
1,68,5,0,"0,1",10000
1,68,5,1,1,10000
1,67,6,3,1,0
1,66,7,0,0,10000
1,65,8,2,0,0
1,65,8,0,[NULL],9999
1,64,9,"0,1",0,0
1,64,9,1,0,10000
1,61,12,1,1,0
1,70,4,3,0,0
1,70,4,1,1,10000
1,70,4,2,2,10000
1,68,6,"1,2","2,3",10000
1,67,7,1,3,10000
1,65,9,0,2,10000
1,72,3,2,0,0
1,72,3,0,0,10000
1,72,3,1,1,10000
1,70,5,1,[NULL],9999
1,70,5,0,0,10000
1,70,5,3,2,10000
1,70,5,2,1,10000
1,69,6,3,1,0
1,69,6,2,1,10000
1,68,7,"0,3",0,0
1,68,7,3,2,10000
1,66,9,2,1,10000
1,66,9,0,0,10000
1,72,4,2,1,0
1,72,4,1,[NULL],9999
1,71,5,3,0,0
1,71,5,2,2,10000
1,70,6,2,0,0
1,70,6,3,[NULL],9996
1,70,6,0,0,10000
1,70,6,1,2,10000
1,69,7,3,2,0
1,69,7,1,0,10000
1,68,8,2,1,0
1,68,8,1,0,0
1,67,9,0,0,0
1,66,10,"0,1",0,0
1,66,10,3,2,0
1,66,10,1,0,10000
1,65,11,1,2,10000
1,72,5,3,0,0
1,72,5,0,0,10000
1,71,6,4,1,0
1,71,6,"1,2",1,10000
1,70,7,2,[NULL],9997
1,69,8,"3,4","0,1",0
1,69,8,4,[NULL],9999
1,69,8,"0,1","0,1,2",10000
1,69,8,2,3,10000
1,67,10,2,1,0
1,67,10,0,0,10000
1,66,11,2,0,0
1,66,11,0,0,10000
1,65,12,1,0,10000
1,71,7,1,1,0
1,70,8,2,[NULL],9998
1,69,9,2,[NULL],9999
1,69,9,3,2,10000
1,74,5,0,0,10000
1,74,5,3,3,10000
1,73,6,5,1,0
1,73,6,4,[NULL],9999
1,73,6,1,2,10000
1,73,6,3,4,10000
1,72,7,"0,1,2","0,1",0
1,71,8,1,1,10000
1,71,8,0,0,10000
1,70,9,0,0,10000
1,70,9,1,1,10000
1,70,9,2,2,10000
1,69,10,2,2,10000
1,67,12,0,0,0
1,66,13,0,1,0
1,55,24,0,0,10000
1,76,4,1,1,10000
1,75,5,0,0,10000
1,74,6,1,[NULL],9994
1,74,6,0,1,10000
1,70,10,0,1,10000
1,68,12,1,1,10000
1,66,14,0,[NULL],7
1,78,3,3,0,0
1,78,3,1,1,10000
1,76,5,3,0,0
1,76,5,1,1,10000
1,75,6,3,1,0
1,74,7,3,2,0
1,74,7,2,2,10000
1,74,7,1,"1,2",10000
1,74,7,0,0,10000
1,72,9,2,1,0
1,70,11,2,0,0
1,70,11,0,0,10000
1,70,11,1,1,10000
1,76,6,"2,3","2,3",10000
1,76,6,1,0,10000
1,75,7,"0,1","1,3",10000
1,75,7,2,3,10000
1,70,12,1,[NULL],9997
1,70,12,0,2,10000
1,80,3,4,0,0
1,80,3,1,1,10000
1,80,3,3,3,10000
1,80,3,2,2,10000
1,79,4,2,0,0
1,76,7,4,0,0
1,76,7,2,2,10000
1,76,7,3,3,10000
1,76,7,1,1,10000
1,72,11,1,0,0
1,71,12,3,0,0
1,71,12,1,"0,2",10000
1,70,13,"2,3","0,1",0
1,70,13,"0,3",0,10000
1,77,7,5,0,0
1,77,7,3,2,10000
1,77,7,2,1,10000
1,77,7,1,"2,3",10000
1,76,8,2,3,10000
1,72,12,1,1,0
1,72,12,0,0,0
1,82,3,2,0,0
1,82,3,1,1,10000
1,81,4,6,1,0
1,81,4,2,2,10000
1,81,4,4,4,10000
1,79,6,6,1,0
1,79,6,4,3,10000
1,79,6,2,"3,4",10000
1,79,6,"1,5","1,5",10000
1,78,7,7,2,0
1,78,7,8,3,0
1,78,7,6,1,0
1,78,7,5,5,10000
1,78,7,3,2,10000
1,78,7,0,0,10000
1,78,7,4,4,10000
1,72,13,0,1,0
1,71,14,"0,2","0,2",0
1,71,14,2,0,9997
1,79,7,2,0,0
1,79,7,4,1,0
1,79,7,1,1,10000
1,78,8,6,1,0
1,78,8,0,"0,1,3",10000
1,78,8,2,1,10000
1,78,8,1,0,10000
1,78,8,4,4,10000
1,78,8,3,2,10000
1,73,13,0,1,1
1,72,14,0,"0,1",0
1,69,17,0,[NULL],11
1,84,3,3,3,10000
1,84,3,2,2,10000
1,82,5,4,0,0
1,82,5,2,2,10000
1,82,5,3,3,10000
1,81,6,1,0,0
1,81,6,0,0,10000
1,81,6,2,1,10000
1,80,7,3,3,10000
1,80,7,2,2,10000
1,79,8,3,1,0
1,79,8,1,0,10000
1,78,9,1,1,10000
1,74,13,1,1,10000
1,84,4,0,0,0
1,83,5,1,1,10000
1,81,7,0,1,10000
1,80,8,2,2,0
1,80,8,1,2,10000
1,80,8,0,0,10000
1,79,9,2,1,0
1,79,9,1,1,10000
1,77,11,0,[NULL],9998
1,63,25,0,0,10000
1,86,3,1,1,10000
1,85,4,7,1,0
1,85,4,5,5,10000
1,82,7,4,0,0
1,82,7,2,3,10000
1,82,7,1,2,10000
1,82,7,3,4,10000
1,81,8,2,2,10000
1,80,9,2,1,0
1,80,9,0,"0,1",0
1,80,9,1,1,10000
1,79,10,1,0,0
1,79,10,0,0,10000
1,78,11,1,[NULL],9999
1,74,15,0,0,0
1,73,16,1,2,1
1,63,26,0,0,10000
1,85,5,3,2,10000
1,84,6,0,1,10000
1,82,8,2,1,0
1,82,8,0,2,10000
1,81,9,3,1,0
1,78,12,2,0,0
1,63,27,0,0,10000
1,87,4,2,2,10000
1,85,6,3,0,0
1,85,6,1,1,10000
1,85,6,2,2,10000
1,84,7,1,0,10000
1,83,8,0,0,0
1,83,8,1,1,0
1,82,9,2,0,0
1,82,9,0,1,10000
1,82,9,1,2,10000
1,81,10,3,1,0
1,81,10,1,1,10000
1,81,10,0,0,10000
1,80,11,1,0,0
1,80,11,0,1,10000
1,79,12,0,0,10000
1,63,28,0,0,10000
1,86,6,2,0,0
1,85,7,0,0,10000
1,84,8,"0,1",0,0
1,84,8,1,1,0
1,83,9,1,[NULL],9996
1,83,9,0,0,10000
1,82,10,2,0,0
1,82,10,3,[NULL],9997
1,82,10,1,1,10000
1,81,11,2,0,0
1,81,11,0,0,10000
1,63,29,0,0,10000
1,88,5,0,[NULL],9999
1,87,6,1,1,0
1,83,10,0,0,0
1,83,10,1,0,10000
1,82,11,2,0,0
1,82,11,0,0,10000
1,81,12,1,0,0
1,81,12,0,0,10000
1,80,13,3,2,0
1,80,13,1,0,10000
1,63,30,0,0,10000
1,81,13,0,0,0
1,63,31,0,0,10000
1,89,6,1,3,10000
1,87,8,"0,1",0,0
1,87,8,1,0,10000
1,86,9,3,1,0
1,86,9,0,1,10000
1,85,10,3,1,0
1,85,10,1,2,10000
1,84,11,0,0,10000
1,83,12,1,[NULL],9999
1,83,12,0,0,10000
1,82,13,0,"0,1",10000
1,82,13,2,2,10000
1,81,14,0,0,10000
1,85,11,0,1,10000
1,94,3,3,0,0
1,94,3,0,0,10000
1,94,3,2,2,10000
1,89,8,2,1,0
1,85,12,0,0,10000
1,85,12,1,"0,1",10000
1,84,13,1,0,0
1,84,13,0,1,10000
1,83,14,1,1,0
1,81,16,0,1,0
1,91,7,1,3,10000
1,87,11,4,2,0
1,87,11,3,0,0
1,87,11,1,0,10000
1,96,3,1,1,10000
1,95,4,5,0,0
1,93,6,1,[NULL],9999
1,87,12,1,1,10000
1,86,13,2,0,0
1,86,13,1,1,10000
1,85,14,2,0,0
1,85,14,0,0,10000
1,96,4,3,0,0
1,95,5,3,[NULL],9999
1,95,5,1,1,10000
1,88,12,3,1,0
1,88,12,1,0,10000
1,86,14,1,0,0
1,97,4,0,0,10000
1,91,10,2,3,10000
1,88,13,1,0,0
1,87,14,2,1,0
1,87,14,1,0,10000
1,86,15,0,0,0
1,85,16,0,0,10000
1,91,11,2,3,10000
1,98,5,2,2,10000
1,98,5,1,1,10000
1,97,6,5,4,10000
1,91,12,2,0,0
1,90,13,1,1,10000
1,90,13,2,2,10000
1,89,14,2,0,0
1,89,14,1,2,10000
1,89,14,0,0,10000
1,88,15,1,1,0
1,86,17,0,0,0
1,71,32,0,0,10000
1,95,9,4,1,0
1,92,12,0,1,10000
1,89,15,1,1,0
1,98,7,6,1,0
1,97,8,6,2,0
1,97,8,3,3,10000
1,94,11,3,2,10000
1,93,12,6,1,0
1,93,12,2,2,10000
1,93,12,1,1,10000
1,93,12,4,3,10000
1,93,12,5,4,10000
1,90,15,2,0,0
1,90,15,0,0,10000
1,100,6,2,0,0
1,95,11,1,1,0
1,94,12,0,0,10000
1,93,13,1,1,10000
1,93,13,0,0,10000
1,93,13,2,2,10000
1,103,4,2,2,10000
1,101,6,7,1,0
1,101,6,6,5,10000
1,98,9,5,1,0
1,98,9,0,"0,2,3",10000
1,98,9,2,"2,3",10000
1,98,9,3,1,10000
1,94,13,3,2,0
1,94,13,1,1,10000
1,93,14,2,[NULL],9999
1,93,14,1,1,10000
1,93,14,0,0,10000
1,90,17,0,0,10000
1,103,5,2,2,10000
1,98,10,2,3,10000
1,97,11,1,"0,1",0
1,97,11,4,2,10000
1,94,14,2,1,10000
1,94,14,1,0,10000
1,103,6,6,0,0
1,94,15,0,0,10000
1,94,15,1,2,10000
1,91,18,0,0,0
1,98,12,4,2,0
1,96,14,0,0,10000
1,94,16,0,1,10000
1,85,25,0,[NULL],19
1,104,7,0,0,10000
1,100,11,1,0,0
1,100,11,5,2,0
1,104,8,3,1,0
1,101,11,2,0,0
1,98,14,0,0,0
1,97,15,1,1,0
1,96,16,1,1,0
1,96,16,3,"0,3",0
1,108,5,5,0,0
1,108,5,4,4,10000
1,105,8,4,[NULL],9999
1,105,8,2,2,10000
1,102,11,4,3,0
1,102,11,1,1,10000
1,100,13,2,1,0
1,99,14,2,1,0
1,98,15,0,0,0
1,98,15,1,[NULL],9999
1,108,6,2,2,10000
1,102,12,1,1,10000
1,101,13,0,1,10000
1,100,14,0,0,0
1,99,15,"0,1",[NULL],9999
1,99,15,1,1,10000
1,79,35,0,0,10000
1,108,7,"0,2","0,2",10000
1,107,8,3,[NULL],9999
1,103,12,0,0,10000
1,101,14,0,1,10000
1,100,15,0,0,10000
1,79,36,0,0,10000
1,106,10,1,1,0
1,104,12,1,[NULL],9995
1,103,13,2,2,0
1,103,13,1,1,0
1,102,14,3,1,0
1,100,16,1,0,0
1,99,17,0,0,0
1,79,37,0,0,10000
1,109,8,"4,5","3,4",10000
1,109,8,3,2,10000
1,109,8,1,0,10000
1,103,14,0,0,0
1,102,15,3,0,0
1,79,38,0,0,10000
1,109,9,1,2,10000
1,102,16,0,1,10000
1,79,39,0,0,10000
1,110,9,"4,5","0,1",0
1,110,9,5,1,0
1,110,9,2,2,10000
1,109,10,0,0,0
1,106,13,1,2,10000
1,103,16,0,[NULL],9998
1,100,19,0,0,10000
1,110,10,1,0,0
1,110,10,2,1,0
1,109,11,2,"0,2",0
1,108,12,1,[NULL],9999
1,107,13,0,[NULL],9998
1,106,14,1,[NULL],9999
1,106,14,2,[NULL],9999
1,114,7,2,1,0
1,114,7,1,0,0
1,110,11,1,1,0
1,110,11,0,[NULL],9998
1,109,12,0,[NULL],9999
1,104,17,1,0,10000
1,101,20,2,1,0
1,113,9,3,1,10000
1,112,10,0,"0,1",10000
1,112,10,2,1,10000
1,111,11,1,2,10000
1,110,12,1,2,10000
1,109,13,3,0,0
1,116,7,1,1,10000
1,116,7,0,0,10000
1,115,8,1,1,10000
1,115,8,0,0,10000
1,111,12,0,[NULL],9999
1,106,17,0,0,10000
1,105,18,0,0,10000
1,114,10,0,0,0
1,111,13,2,[NULL],9999
1,111,13,3,[NULL],9999
1,111,13,1,2,10000
1,111,13,0,0,10000
1,110,14,3,[NULL],9999
1,110,14,0,[NULL],9999
1,106,18,0,[NULL],12
1,117,8,0,1,0
1,115,10,1,1,0
1,115,10,2,[NULL],9998
1,114,11,1,0,0
1,113,12,3,0,0
1,105,20,0,0,10000
1,113,13,4,2,0
1,112,14,7,3,0
1,112,14,"4,5",4,10000
1,112,14,1,2,10000
1,111,15,6,2,0
1,110,16,2,2,10000
1,110,16,1,3,10000
1,110,16,0,"0,3",10000
1,118,9,3,4,10000
1,114,13,0,1,0
1,112,15,5,3,0
1,112,15,2,1,10000
1,111,16,4,3,0
1,111,16,3,2,0
1,111,16,0,0,10000
1,106,21,2,2,0
1,87,40,0,0,10000
1,118,10,2,2,10000
1,117,11,3,1,0
1,115,13,3,[NULL],9999
1,114,14,3,1,0
1,113,15,5,3,0
1,113,15,1,[NULL],9998
1,112,16,"0,2","0,1",0
1,112,16,2,[NULL],9999
1,112,16,1,0,10000
1,111,17,1,0,10000
1,114,15,0,1,10000
1,113,16,4,3,0
1,113,16,1,[NULL],9999
1,112,17,"0,1",0,0
1,112,17,1,0,10000
1,111,18,"0,1","0,1",0
1,111,18,2,2,0
1,115,15,2,4,10000
1,114,16,1,[NULL],9999
1,121,10,1,2,10000
1,113,18,5,0,0
1,113,18,0,0,10000
1,113,18,"3,4",5,10000
1,110,21,0,0,10000
1,116,16,5,2,0
1,116,16,2,"0,2",0
1,116,16,4,[NULL],1
1,115,17,0,0,0
1,113,19,0,2,10000
1,115,18,2,1,0
1,115,18,0,0,10000
1,114,19,3,1,0
1,114,19,0,0,10000
1,127,7,11,1,0
1,117,17,2,[NULL],9999
1,117,17,"1,3","0,4",10000
1,117,17,3,4,10000
1,101,33,0,[NULL],9985
1,119,16,0,1,10000
1,119,16,1,2,10000
1,118,17,5,3,0
1,118,17,0,0,10000
1,118,17,1,1,10000
1,118,17,3,2,10000
1,117,18,"3,4",3,10000
1,117,18,"1,4",1,10000
1,116,19,4,2,0
1,116,19,"0,1","0,1",10000
1,115,20,0,0,0
1,123,13,5,[NULL],9999
1,123,13,3,2,10000
1,121,15,"2,5",[NULL],9999
1,116,20,0,2,10000
1,125,12,4,[NULL],9999
1,124,13,6,6,10000
1,120,17,4,1,0
1,120,17,2,[NULL],9976
1,120,17,"0,3","0,3,4",10000
1,117,20,0,0,10000
1,95,42,0,0,10000
1,124,14,4,"3,5",10000
1,118,20,0,2,10000
1,95,43,0,0,10000
1,123,16,1,[NULL],9998
1,123,16,0,"1,2",10000
1,120,19,3,[NULL],9978
1,120,19,0,[NULL],9978
1,118,21,"2,3","0,1,3",0
1,118,21,3,3,0
1,95,44,0,0,10000
1,123,17,"0,2",0,0
1,120,20,3,1,0
1,120,20,0,0,0
1,119,21,0,0,0
1,95,45,0,0,10000
1,127,14,"5,7,8",[NULL],9997
1,127,14,"7,8","7,8",10000
1,127,14,6,6,10000
1,127,14,2,1,10000
1,125,16,1,1,10000
1,124,17,1,2,10000
1,120,21,0,0,0
1,95,46,0,0,10000
1,134,8,5,4,0
1,129,13,6,[NULL],9999
1,128,14,0,"2,3,9",10000
1,126,16,8,[NULL],9999
1,126,16,5,3,10000
1,126,16,"3,6",1,10000
1,126,16,2,0,10000
1,126,16,1,"4,5",10000
1,124,18,1,[NULL],9998
1,122,20,1,[NULL],9999
1,95,47,0,0,10000
1,136,7,5,0,0
1,130,13,4,[NULL],9999
1,120,23,0,0,10000
1,133,11,7,8,10000
1,132,12,4,5,10000
1,129,15,2,1,0
1,129,15,1,1,10000
1,128,16,3,2,0
1,128,16,2,4,10000
1,128,16,0,0,10000
1,138,7,8,1,0
1,138,7,9,2,0
1,129,16,1,[NULL],9999
1,128,17,"0,2,4",[NULL],9998
1,128,17,1,[NULL],9998
1,128,17,"2,4",0,10000
1,121,24,1,1,0
1,129,17,2,2,0
1,128,18,"1,2",[NULL],9999
1,127,19,"0,3",0,10000
1,126,20,"1,3,4","0,2,3",10000
1,124,22,0,[NULL],9998
1,141,6,12,0,0
1,140,7,13,[NULL],9999
1,140,7,11,11,10000
1,137,10,11,[NULL],9999
1,133,14,3,2,0
1,130,17,2,0,0
1,129,18,3,3,0
1,129,18,1,2,10000
1,129,18,0,0,10000
1,128,19,3,3,0
1,128,19,2,[NULL],9999
1,128,19,0,1,10000
1,127,20,0,"0,3,4",10000
1,132,16,3,[NULL],9999
1,131,17,3,[NULL],9999
1,131,17,1,[NULL],9999
1,131,17,2,1,10000
1,131,17,0,0,10000
1,129,19,0,0,10000
1,128,20,1,0,10000
1,135,14,1,[NULL],9998
1,131,18,3,1,0
1,130,19,2,0,0
1,130,19,3,1,0
1,130,19,0,0,10000
1,129,20,3,1,0
1,129,20,1,[NULL],9995
1,129,20,0,0,10000
1,128,21,3,"1,2",0
1,128,21,"0,2","0,1",10000
1,130,20,0,0,0
1,129,21,"0,1","0,1",0
1,129,21,1,3,0
1,141,10,13,5,0
1,141,10,"11,12,14","3,4,6",0
1,140,11,8,[NULL],9999
1,137,14,7,3,0
1,136,15,"2,3","3,4",10000
1,133,18,5,[NULL],9999
1,133,18,4,4,10000
1,131,20,0,2,1
1,131,20,1,1,10000
1,130,21,0,0,10000
1,130,21,3,3,10000
1,129,22,1,0,10000
1,103,48,0,0,10000
1,143,9,8,4,0
1,143,9,4,2,10000
1,141,11,11,3,0
1,133,19,0,1,10000
1,131,21,"0,1","0,1",10000
1,130,22,"0,2",[NULL],9999
1,130,22,2,1,10000
1,143,10,10,3,0
1,143,10,7,5,10000
1,143,10,9,8,10000
1,143,10,8,7,10000
1,134,19,2,2,10000
1,132,21,2,1,0
1,132,21,0,"2,3,4",10000
1,131,22,0,3,0
1,130,23,0,2,0
1,142,12,1,1,10000
1,141,13,0,3,10000
1,137,17,1,[NULL],9998
1,134,20,0,"0,4",10000
1,134,20,1,0,10000
1,134,20,2,1,10000
1,132,22,3,1,0
1,151,4,1,1,10000
1,148,7,9,3,0
1,146,9,7,8,10000
1,144,11,12,4,0
1,143,12,6,7,10000
1,135,20,1,[NULL],9996
1,135,20,2,2,10000
1,134,21,"0,2,3","0,2",0
1,134,21,2,0,10000
1,133,22,3,"0,1",0
1,133,22,2,2,10000
1,131,24,2,[NULL],9994
1,130,25,1,1,10000
1,143,13,2,3,10000
1,142,14,3,[NULL],9999
1,139,17,5,[NULL],9999
1,135,21,0,1,10000
1,134,22,0,"0,1",0
1,142,15,3,2,0
1,140,17,6,2,0
1,135,22,"1,3","0,2",0
1,135,22,5,[NULL],9998
1,135,22,3,1,10000
1,134,23,3,3,0
1,141,17,7,"2,3",0
1,117,41,0,[NULL],9997
1,147,12,3,2,10000
1,145,14,3,1,10000
1,142,17,8,[NULL],9999
1,137,22,3,1,0
1,137,22,0,1,10000
1,137,22,1,2,10000
1,136,23,1,2,0
1,143,17,6,1,0
1,141,19,1,1,10000
1,137,23,1,1,0
1,148,13,7,[NULL],10000
1,148,13,6,[NULL],10000
1,144,17,3,[NULL],10000
1,141,20,4,[NULL],10000
1,140,21,"0,3",[NULL],10000
1,138,23,4,2,0
1,138,23,0,[NULL],10000
1,137,24,2,[NULL],10000
1,133,28,0,[NULL],10000
1,149,13,4,[NULL],10000
1,144,18,3,[NULL],10000
1,143,19,2,2,0
1,141,21,2,[NULL],10000
1,111,51,0,[NULL],10000
1,151,12,3,[NULL],10000
1,143,20,1,[NULL],9998
1,143,20,2,[NULL],10000
1,141,22,2,[NULL],10000
1,111,52,0,[NULL],10000
1,143,21,0,[NULL],1
1,138,26,0,[NULL],9998
1,161,4,2,0,0
1,161,4,1,[NULL],10000
1,158,7,15,1,0
1,144,21,5,4,0
1,144,21,4,[NULL],10000
1,148,18,9,2,0
1,146,20,7,4,0
1,146,20,4,[NULL],10000
1,143,23,"0,1",0,0
1,155,12,11,[NULL],10000
1,147,20,7,[NULL],10000
1,143,24,2,"1,2",0
1,158,10,13,3,0
1,156,12,10,5,0
1,161,8,16,4,0
1,153,16,5,[NULL],10000
1,149,20,1,[NULL],9999
1,148,21,4,4,0
1,148,21,0,[NULL],9998
1,143,26,4,4,0
1,155,15,9,[NULL],10000
1,149,21,0,[NULL],1
1,148,22,2,[NULL],9998
1,146,24,"0,1",[NULL],10000
1,144,26,2,3,0
1,167,4,7,0,0
1,167,4,6,[NULL],10000
1,167,4,4,[NULL],10000
1,157,14,6,[NULL],10000
1,154,17,6,[NULL],10000
1,153,18,"6,7",[NULL],10000
1,153,18,"5,7",[NULL],10000
1,148,23,0,[NULL],10000
1,147,24,"0,1",[NULL],10000
1,144,27,0,[NULL],9999
1,164,8,12,[NULL],10000
1,151,21,2,[NULL],9999
1,151,21,4,[NULL],9999
1,148,24,0,1,0
1,154,19,3,[NULL],10000
1,154,20,3,[NULL],9999
1,167,8,11,[NULL],9998
1,155,20,2,2,0
1,154,21,1,[NULL],9999
1,119,56,0,[NULL],10000
1,159,17,8,3,0
1,159,17,7,[NULL],9996
1,159,17,4,[NULL],10000
1,158,18,8,[NULL],9997
1,157,19,"4,5",[NULL],1
1,156,20,"2,3",1,0
1,155,21,1,[NULL],10000
1,155,21,0,[NULL],10000
1,151,25,"0,1",[NULL],10000
1,169,8,8,1,0
1,169,8,5,[NULL],10000
1,159,18,3,[NULL],10000
1,149,28,2,[NULL],9999
1,160,18,1,[NULL],10000
1,156,22,4,0,0
1,120,58,0,0,0
1,163,16,0,[NULL],10000
1,160,19,6,4,0
1,160,19,1,[NULL],10000
1,159,20,1,[NULL],10000
1,158,21,4,[NULL],10000
1,156,23,2,[NULL],10000
1,156,23,5,[NULL],10000
1,150,29,3,"2,3",0
1,160,20,4,[NULL],9998
1,159,21,3,[NULL],9999
1,121,59,0,0,0
1,121,60,0,0,0
1,157,25,"2,3",[NULL],10000
1,133,49,0,[NULL],10000
1,160,23,4,[NULL],9999
1,158,25,2,[NULL],10000
1,127,56,0,[NULL],10000
1,122,61,0,0,0
1,170,14,2,[NULL],10000
1,162,22,3,[NULL],1
1,159,25,0,[NULL],10000
1,127,57,0,[NULL],10000
1,123,61,0,0,0
1,179,6,2,[NULL],10000
1,175,10,7,2,0
1,168,17,5,2,0
1,164,21,3,[NULL],10000
1,163,22,4,2,0
1,162,23,1,[NULL],10000
1,161,24,"4,5",[NULL],10000
1,161,24,1,[NULL],10000
1,160,25,7,[NULL],9998
1,127,58,0,[NULL],10000
1,123,62,0,0,0
1,177,9,4,[NULL],10000
1,164,22,4,[NULL],1
1,127,59,0,[NULL],10000
1,176,11,11,[NULL],9999
1,174,13,"4,12",[NULL],9999
1,172,15,6,[NULL],10000
1,169,18,1,[NULL],10000
1,164,23,5,[NULL],0
1,127,60,0,[NULL],10000
1,174,14,7,[NULL],9996
1,174,14,5,[NULL],10000
1,164,24,5,3,0
1,163,25,2,[NULL],10000
1,162,26,"4,5",[NULL],10000
1,174,15,12,[NULL],10000
1,173,16,8,[NULL],10000
1,165,24,4,[NULL],10000
1,165,24,"3,6",[NULL],10000
1,163,26,4,3,0
1,162,27,5,2,0
1,162,27,"2,3",[NULL],10000
1,173,17,10,[NULL],10000
1,168,22,3,[NULL],9999
1,166,24,3,[NULL],9997
1,163,27,5,"3,5",0
1,128,62,0,0,0
1,174,17,12,3,0
1,169,22,3,[NULL],10000
1,169,22,4,[NULL],10000
1,166,25,7,2,0
1,166,25,6,[NULL],10000
1,166,25,"3,4",[NULL],10000
1,165,26,5,[NULL],10000
1,175,17,11,0,0
1,171,21,3,[NULL],10000
1,164,28,0,[NULL],10000
1,162,30,0,[NULL],10000
1,129,63,0,0,0
1,171,22,4,[NULL],10000
1,166,27,6,4,0
1,166,27,1,[NULL],1
1,166,27,4,[NULL],10000
1,129,64,0,0,0
1,173,21,10,3,0
1,173,21,9,[NULL],9996
1,170,24,2,[NULL],10000
1,167,27,"2,3",[NULL],10000
1,166,28,"1,2",[NULL],10000
1,191,4,4,0,0
1,191,4,2,[NULL],10000
1,174,21,6,[NULL],10000
1,164,31,1,[NULL],9999
1,130,65,0,0,0
1,175,21,5,[NULL],10000
1,174,22,5,[NULL],9999
1,172,24,3,[NULL],10000
1,131,65,0,0,0
1,192,5,5,1,0
1,192,5,3,[NULL],10000
1,172,25,"3,4",[NULL],10000
1,172,25,4,[NULL],10000
1,131,66,0,0,0
1,175,23,5,[NULL],10000
1,168,30,1,[NULL],10000
1,192,7,5,[NULL],9999
1,179,20,12,[NULL],10000
1,177,22,8,[NULL],9998
1,177,22,2,[NULL],10000
1,176,23,4,[NULL],9999
1,176,23,"5,7",[NULL],10000
1,174,25,7,[NULL],10000
1,178,22,1,[NULL],10000
1,178,22,7,[NULL],10000
1,174,26,"3,5",[NULL],1
1,172,28,"0,1",[NULL],10000
1,171,29,"0,1",[NULL],10000
1,170,30,"1,3",[NULL],1
2,15,3,0,0,0
2,18,1,1,1,0
2,18,1,0,0,0
2,15,4,0,0,0
2,17,3,0,0,9998
2,15,5,0,0,0
2,18,3,1,1,0
2,18,3,0,0,9998
2,15,6,0,0,0
2,15,7,0,0,0
2,22,1,0,0,0
2,21,2,1,1,0
2,21,2,0,0,0
2,22,2,0,0,0
2,23,2,0,0,0
2,22,3,0,0,0
2,22,3,1,1,0
2,23,3,0,0,0
2,22,4,0,0,0
2,20,6,0,0,1
2,24,3,0,0,0
2,26,3,0,0,9999
2,26,4,0,0,9999
2,30,1,0,0,0
2,27,4,0,0,9999
2,32,1,0,0,0
2,31,2,1,1,0
2,28,5,0,0,9999
2,26,7,0,0,9998
2,34,1,1,0,9998
2,33,2,0,0,0
2,33,2,1,1,0
2,32,3,0,0,0
2,31,4,0,0,0
2,30,5,0,0,9997
2,34,2,0,"0,1",0
2,33,3,0,0,0
2,34,3,0,0,0
2,31,7,1,1,1
2,37,2,0,0,0
2,37,2,1,1,0
2,37,2,2,2,0
2,35,4,0,0,0
2,34,5,1,1,0
2,34,5,0,0,0
2,32,7,0,1,2
2,35,5,0,0,0
2,39,2,0,0,0
2,39,2,1,1,0
2,38,3,2,2,0
2,38,3,1,1,0
2,37,4,1,1,0
2,37,4,0,0,0
2,31,10,0,0,0
2,39,3,0,0,0
2,38,4,2,2,0
2,38,4,1,1,0
2,38,4,0,"0,1",0
2,36,6,0,0,9999
2,31,11,0,0,0
2,41,2,1,1,0
2,40,3,0,0,0
2,40,3,1,1,0
2,40,3,2,2,0
2,39,4,0,0,0
2,38,5,1,1,0
2,31,12,0,0,0
2,40,4,0,1,0
2,37,7,1,0,9997
2,31,13,0,0,0
2,41,4,0,0,0
2,40,5,0,"0,1",0
2,39,6,0,0,0
2,38,7,0,0,9998
2,31,14,0,0,0
2,42,4,1,1,9999
2,42,4,0,0,9999
2,41,5,0,0,9999
2,31,15,0,0,0
2,45,2,0,0,0
2,45,2,1,1,0
2,44,3,0,0,0
2,44,3,1,1,0
2,43,4,1,0,0
2,43,4,0,0,9999
2,42,5,0,0,0
2,42,5,1,1,0
2,41,6,0,0,0
2,41,6,1,1,0
2,45,3,1,1,0
2,44,4,1,0,0
2,43,5,0,1,9999
2,42,6,0,0,0
2,46,3,0,0,0
2,45,4,1,1,0
2,45,4,2,2,0
2,45,4,3,3,0
2,44,5,1,1,0
2,44,5,0,0,0
2,44,5,2,0,9999
2,42,7,0,0,0
2,39,10,0,0,2
2,46,4,0,0,0
2,45,5,0,1,0
2,45,5,1,2,0
2,45,5,2,0,0
2,44,6,0,0,9999
2,49,2,0,0,0
2,48,3,2,2,0
2,48,3,0,0,0
2,47,4,0,1,0
2,47,4,1,2,0
2,46,5,1,1,0
2,46,5,0,0,0
2,45,6,0,0,0
2,45,6,1,1,0
2,49,3,0,0,0
2,46,6,1,2,0
2,46,6,0,1,0
2,45,7,0,0,0
2,45,7,1,0,9999
2,44,8,0,0,9999
2,43,9,"0,1",0,9999
2,50,3,0,0,0
2,50,3,1,1,0
2,49,4,2,2,0
2,49,4,1,0,9998
2,48,5,0,0,0
2,48,5,1,1,0
2,46,7,"0,1",0,0
2,46,7,1,1,0
2,45,8,0,0,0
2,48,6,0,0,0
2,47,7,0,0,0
2,46,8,0,0,0
2,44,10,0,0,9998
2,52,3,0,0,0
2,51,4,0,0,0
2,51,4,1,1,0
2,51,4,2,2,0
2,50,5,0,0,0
2,50,5,1,1,0
2,51,5,1,1,0
2,51,5,0,0,0
2,50,6,0,0,9999
2,53,4,0,0,0
2,53,4,1,1,0
2,52,5,1,1,0
2,52,5,0,0,0
2,50,7,1,0,9999
2,50,7,0,1,9999
2,54,4,0,0,0
2,51,7,1,1,0
2,51,7,0,"0,1",0
2,50,8,0,0,0
2,50,8,1,0,9999
2,54,5,0,1,0
2,53,6,0,0,0
2,52,7,0,0,0
2,51,8,0,0,0
2,51,8,2,1,2
2,51,8,1,0,9999
2,50,9,0,0,9996
2,50,11,0,0,9999
2,55,7,0,0,9999
2,54,8,1,0,0
2,54,8,0,0,9999
2,62,1,0,0,0
2,56,8,1,0,0
2,52,12,0,0,2
2,51,13,"0,1",0,3
2,63,2,1,1,0
2,58,7,0,0,0
2,56,9,0,1,0
2,55,10,0,0,9997
2,62,4,1,1,0
2,57,9,0,0,9998
2,47,19,0,0,0
2,65,2,1,1,0
2,65,2,0,0,0
2,65,2,2,2,0
2,64,3,0,0,0
2,62,5,1,1,0
2,56,11,0,0,9998
2,47,20,0,0,0
2,63,5,1,"0,2",0
2,62,6,0,0,9997
2,60,8,1,0,9999
2,59,9,1,0,0
2,59,9,0,[NULL],0
2,47,21,0,0,0
2,66,3,1,1,0
2,63,6,"2,3",0,0
2,63,6,"0,3","0,1,2",0
2,63,6,3,"0,3",0
2,62,7,1,1,0
2,58,11,0,[NULL],1
2,47,22,0,0,0
2,64,6,1,1,0
2,64,6,2,"3,4",0
2,62,8,2,1,0
2,62,8,0,"0,1",0
2,58,12,0,[NULL],2
2,57,13,0,0,4
2,47,23,0,0,0
2,65,6,1,1,0
2,64,7,1,1,0
2,63,8,0,0,0
2,62,9,"0,1","0,1,3",0
2,62,9,1,[NULL],9996
2,60,11,0,0,0
2,67,5,2,2,0
2,64,8,0,1,0
2,63,9,1,1,0
2,63,9,2,[NULL],9994
2,62,10,0,[NULL],9997
2,69,4,1,1,0
2,68,5,"0,1",0,0
2,68,5,1,1,0
2,67,6,2,[NULL],9998
2,67,6,1,0,9999
2,66,7,0,0,0
2,64,9,0,0,0
2,70,4,1,1,0
2,70,4,2,2,0
2,68,6,"2,3","1,2",0
2,68,6,3,[NULL],9994
2,68,6,0,0,9999
2,67,7,3,1,0
2,66,8,2,1,9999
2,65,9,2,0,0
2,64,10,0,[NULL],2
2,73,2,0,[NULL],9997
2,72,3,0,0,0
2,72,3,1,1,0
2,71,4,1,[NULL],9994
2,70,5,0,0,0
2,70,5,2,3,0
2,70,5,1,2,0
2,69,6,1,2,0
2,68,7,2,3,0
2,66,9,1,2,0
2,66,9,0,0,0
2,65,10,3,2,0
2,65,10,0,0,0
2,71,5,2,2,0
2,70,6,0,0,0
2,70,6,2,1,0
2,69,7,0,1,0
2,68,8,"0,1",1,9999
2,67,9,1,1,9999
2,66,10,0,1,0
2,65,11,2,1,0
2,63,13,1,[NULL],9998
2,73,4,0,[NULL],9995
2,73,4,1,"1,2",9999
2,72,5,0,0,0
2,71,6,1,"1,2",0
2,69,8,"0,1,2","0,1",0
2,69,8,3,2,0
2,68,9,1,0,9999
2,67,10,0,0,0
2,66,11,0,0,0
2,65,12,0,1,0
2,72,6,0,[NULL],9997
2,69,9,2,3,0
2,68,10,1,[NULL],9998
2,68,10,0,0,9999
2,74,5,0,0,0
2,74,5,3,3,0
2,74,5,2,[NULL],9998
2,74,5,4,0,9999
2,73,6,2,1,0
2,73,6,4,3,0
2,73,6,0,[NULL],9997
2,73,6,3,[NULL],9997
2,71,8,1,1,0
2,71,8,0,0,0
2,70,9,0,0,0
2,70,9,1,1,0
2,70,9,2,2,0
2,68,11,1,[NULL],9998
2,76,4,1,1,0
2,75,5,0,0,0
2,74,6,1,"0,1",0
2,73,7,2,[NULL],9996
2,73,7,1,0,9999
2,70,10,1,0,0
2,70,10,0,[NULL],6
2,68,12,1,1,0
2,76,5,1,1,0
2,76,5,3,0,9999
2,75,6,4,1,9999
2,74,7,2,2,0
2,74,7,1,"1,2",0
2,74,7,0,0,0
2,74,7,3,1,9999
2,70,11,0,0,0
2,70,11,1,1,0
2,76,6,"2,3","2,3",0
2,76,6,0,1,0
2,76,6,1,1,9999
2,75,7,"1,3","0,1",0
2,75,7,3,2,0
2,73,9,1,[NULL],9998
2,71,11,0,1,0
2,70,12,2,0,0
2,70,12,1,[NULL],8
2,80,3,1,1,0
2,80,3,3,3,0
2,80,3,2,2,0
2,78,5,5,6,0
2,78,5,2,3,0
2,76,7,2,2,0
2,76,7,3,3,0
2,76,7,1,1,0
2,74,9,1,1,9999
2,71,12,"0,2",1,0
2,70,13,0,"0,3",0
2,77,7,2,3,0
2,77,7,1,2,0
2,77,7,3,"1,3",0
2,77,7,5,0,9999
2,76,8,3,2,0
2,76,8,1,0,9999
2,82,3,1,1,0
2,78,7,5,5,0
2,78,7,2,3,0
2,78,7,0,0,0
2,78,7,4,4,0
2,75,10,1,[NULL],9996
2,74,11,0,0,9999
2,70,15,1,0,9998
2,83,3,0,0,9999
2,79,7,1,"1,2",0
2,78,8,"0,1,3",0,0
2,78,8,1,2,0
2,78,8,3,"0,1,2",0
2,78,8,4,4,0
2,78,8,2,3,0
2,75,11,0,0,9999
2,74,12,0,1,9999
2,84,3,3,3,0
2,84,3,2,2,0
2,82,5,2,2,0
2,82,5,3,3,0
2,81,6,0,0,0
2,81,6,1,2,0
2,81,6,3,[NULL],9998
2,80,7,3,3,0
2,80,7,2,2,0
2,79,8,0,1,0
2,78,9,1,1,0
2,75,12,0,0,9999
2,74,13,1,1,0
2,84,4,1,0,9999
2,83,5,1,1,0
2,82,6,2,0,9999
2,81,7,1,0,0
2,81,7,2,1,9999
2,80,8,2,1,0
2,80,8,0,0,0
2,80,8,1,0,9999
2,79,9,1,1,0
2,76,12,0,0,9999
2,74,14,"0,1","1,2",9999
2,71,17,0,2,3
2,63,25,0,0,0
2,86,3,1,1,0
2,85,4,5,5,0
2,82,7,3,2,0
2,82,7,2,1,0
2,82,7,4,3,0
2,81,8,2,2,0
2,80,9,1,"1,2",0
2,80,9,0,1,9999
2,75,14,0,1,9997
2,63,26,0,0,0
2,85,5,2,3,0
2,84,6,1,0,0
2,82,8,2,0,0
2,82,8,3,0,9999
2,77,13,1,[NULL],11
2,63,27,0,0,0
2,87,4,2,2,0
2,85,6,1,1,0
2,85,6,2,2,0
2,84,7,0,1,0
2,82,9,1,0,0
2,82,9,2,1,0
2,82,9,0,0,9999
2,81,10,1,1,0
2,81,10,0,0,0
2,80,11,1,0,0
2,79,12,0,0,0
2,76,15,2,0,9998
2,63,28,0,0,0
2,85,7,0,"0,1",0
2,83,9,0,0,0
2,82,10,1,1,0
2,82,10,0,1,9997
2,81,11,0,0,0
2,80,12,0,0,0
2,80,12,"1,2",[NULL],8
2,63,29,0,0,0
2,84,9,0,[NULL],9995
2,84,9,1,1,9999
2,83,10,0,1,0
2,82,11,0,0,0
2,81,12,0,0,0
2,81,12,1,1,9999
2,63,30,0,0,0
2,86,8,1,0,9999
2,83,11,0,1,9999
2,79,15,"0,1,2",[NULL],13
2,63,31,0,0,0
2,90,5,0,0,9999
2,89,6,3,1,0
2,88,7,0,"0,2",0
2,88,7,1,1,0
2,88,7,3,1,9999
2,87,8,0,0,0
2,86,9,1,0,0
2,85,10,2,1,0
2,84,11,0,0,0
2,83,12,0,0,0
2,82,13,"0,1",0,0
2,82,13,2,2,0
2,82,13,1,[NULL],10
2,81,14,0,0,0
2,88,8,1,0,0
2,85,11,1,0,0
2,85,11,2,1,9999
2,94,3,0,0,0
2,94,3,2,2,0
2,91,6,1,0,9999
2,90,7,0,0,9999
2,85,12,0,0,0
2,85,12,1,"0,1",0
2,84,13,1,0,0
2,83,14,1,[NULL],9
2,82,15,1,[NULL],12
2,92,6,1,[NULL],9994
2,91,7,3,1,0
2,88,10,2,1,0
2,88,10,0,1,9999
2,87,11,0,1,0
2,87,11,2,[NULL],9998
2,96,3,1,1,0
2,96,3,2,[NULL],9994
2,87,12,1,1,0
2,86,13,1,1,0
2,85,14,0,0,0
2,88,12,0,1,0
2,97,4,0,0,0
2,96,5,1,2,0
2,91,10,3,2,0
2,88,13,0,[NULL],9997
2,87,14,0,1,0
2,85,16,0,0,0
2,94,8,4,[NULL],9995
2,91,11,3,2,0
2,89,13,0,0,9999
2,88,14,0,0,9999
2,98,5,2,2,0
2,98,5,1,1,0
2,95,8,2,[NULL],9997
2,94,9,0,1,0
2,92,11,0,0,0
2,92,11,2,3,0
2,90,13,1,1,0
2,90,13,2,2,0
2,89,14,2,1,0
2,89,14,0,0,0
2,89,14,1,0,9999
2,98,6,0,[NULL],9998
2,98,6,1,[NULL],9998
2,92,12,1,0,0
2,90,14,0,0,0
2,94,11,2,3,0
2,93,12,2,2,0
2,93,12,1,1,0
2,93,12,3,4,0
2,93,12,4,5,0
2,90,15,0,0,0
2,99,7,2,0,9999
2,94,12,0,0,0
2,93,13,1,1,0
2,93,13,0,0,0
2,93,13,2,2,0
2,90,16,1,[NULL],5
2,103,4,2,2,0
2,101,6,5,6,0
2,98,9,"0,2,3",0,0
2,98,9,"2,3",2,0
2,98,9,1,3,0
2,98,9,3,[NULL],9998
2,94,13,1,1,0
2,93,14,1,1,0
2,93,14,0,0,0
2,90,17,0,0,0
2,103,5,2,2,0
2,100,8,4,[NULL],9997
2,98,10,3,2,0
2,98,10,1,[NULL],9995
2,95,13,2,2,9999
2,94,14,1,2,0
2,94,14,0,1,0
2,104,5,3,3,0
2,98,11,2,[NULL],9996
2,101,9,2,[NULL],9998
2,96,14,0,0,0
2,96,14,3,[NULL],9998
2,94,16,1,0,0
2,107,4,3,[NULL],9998
2,104,7,0,0,0
2,104,7,2,[NULL],9998
2,98,13,0,0,0
2,106,6,1,1,9999
2,108,5,4,4,0
2,105,8,2,2,0
2,101,12,0,[NULL],9996
2,100,13,0,[NULL],9997
2,98,15,1,1,9999
2,108,6,2,2,0
2,102,12,1,1,0
2,101,13,1,0,0
2,99,15,1,1,0
2,79,35,0,0,0
2,109,6,1,1,0
2,109,6,0,0,0
2,108,7,"0,2","0,2",0
2,103,12,0,0,0
2,101,14,1,0,0
2,101,14,0,0,9999
2,100,15,0,0,0
2,79,36,0,0,0
2,106,10,2,[NULL],9996
2,106,10,"0,1",0,9999
2,102,14,1,2,9997
2,79,37,0,0,0
2,109,8,"3,4","4,5",0
2,109,8,2,3,0
2,109,8,0,1,0
2,107,10,2,[NULL],9997
2,102,15,2,[NULL],9998
2,102,15,1,[NULL],9998
2,79,38,0,0,0
2,112,6,2,[NULL],9997
2,109,9,2,1,0
2,103,15,0,0,9999
2,102,16,1,0,0
2,79,39,0,0,0
2,114,5,2,[NULL],9997
2,110,9,2,2,0
2,106,13,2,1,0
2,104,16,1,0,0
2,113,8,2,1,0
2,113,8,1,0,9999
2,107,14,0,1,9999
2,106,15,0,[NULL],9998
2,113,9,1,3,0
2,112,10,"0,1",0,0
2,112,10,1,2,0
2,111,11,2,1,0
2,110,12,2,1,0
2,116,7,1,1,0
2,116,7,0,0,0
2,115,8,1,1,0
2,115,8,0,0,0
2,109,14,"2,3","1,2",0
2,106,17,0,0,0
2,111,13,2,"1,3",0
2,111,13,0,0,0
2,108,16,1,0,9999
2,111,14,2,3,0
2,110,15,"2,3","2,3",0
2,110,15,5,[NULL],10
2,108,17,"0,1",1,9999
2,105,20,0,0,0
2,116,10,2,1,9999
2,112,14,4,"4,5",0
2,112,14,2,1,0
2,110,16,2,2,0
2,110,16,3,1,0
2,110,16,0,"0,1",0
2,118,9,4,3,0
2,112,15,1,2,0
2,111,16,0,0,0
2,109,18,3,[NULL],14
2,119,9,3,[NULL],9997
2,118,10,2,2,0
2,113,15,2,[NULL],9997
2,112,16,0,1,0
2,111,17,0,1,0
2,116,13,4,1,0
2,114,15,1,0,0
2,114,15,2,2,9998
2,114,15,0,1,9999
2,112,17,0,0,0
2,115,15,4,2,0
2,114,16,"2,3",1,9999
2,121,10,2,1,0
2,115,16,3,[NULL],9998
2,114,17,0,0,0
2,114,17,1,[NULL],9998
2,113,18,0,0,0
2,113,18,5,"3,4",0
2,110,21,0,0,0
2,118,14,3,1,0
2,117,15,0,1,0
2,115,17,2,2,9999
2,114,18,0,0,0
2,113,19,2,0,0
2,121,12,4,[NULL],9997
2,117,16,"0,1","1,2",0
2,117,16,4,3,0
2,115,18,0,0,0
2,115,18,1,[NULL],13
2,125,9,10,[NULL],9998
2,119,15,0,[NULL],9998
2,116,18,0,0,9999
2,115,19,3,1,9999
2,119,16,1,0,0
2,119,16,2,1,0
2,118,17,0,0,0
2,118,17,1,1,0
2,118,17,2,3,0
2,117,18,3,"3,4",0
2,117,18,1,"1,4",0
2,116,19,0,"0,1",0
2,123,13,2,3,0
2,118,18,1,1,0
2,117,19,1,1,9999
2,124,13,6,6,0
2,122,15,3,[NULL],9995
2,122,15,4,1,9999
2,120,17,"0,3,4","0,3",0
2,120,17,4,0,9997
2,118,19,0,0,0
2,118,19,3,2,0
2,117,20,0,0,0
2,95,42,0,0,0
2,131,7,6,[NULL],9998
2,129,9,6,[NULL],9997
2,124,14,"3,5",4,0
2,119,19,0,1,0
2,119,19,2,3,0
2,118,20,2,0,0
2,95,43,0,0,0
2,133,6,8,[NULL],9998
2,131,8,11,[NULL],9998
2,126,13,6,[NULL],9998
2,123,16,"1,2",0,0
2,121,18,0,1,9999
2,95,44,0,0,0
2,95,45,0,0,0
2,127,14,"7,8","7,8",0
2,127,14,6,6,0
2,127,14,1,2,0
2,125,16,1,1,0
2,124,17,2,1,0
2,95,46,0,0,0
2,126,16,3,5,0
2,126,16,1,"3,6",0
2,126,16,0,2,0
2,126,16,"4,5",1,0
2,126,16,5,[NULL],9993
2,125,17,4,2,0
2,123,19,0,0,9999
2,95,47,0,0,0
2,129,14,1,3,0
2,126,17,"2,3",[NULL],9994
2,133,11,8,7,0
2,132,12,5,4,0
2,130,14,5,1,0
2,129,15,1,1,0
2,122,22,1,1,9999
2,128,17,0,"2,4",0
2,127,18,1,"2,5",0
2,127,18,2,[NULL],9995
2,133,13,6,2,9999
2,127,19,0,"0,3",0
2,126,20,"0,2,3","1,3,4",0
2,140,7,11,11,0
2,133,14,1,[NULL],9998
2,130,17,3,[NULL],9998
2,129,18,2,1,0
2,129,18,0,0,0
2,129,18,1,[NULL],9997
2,128,19,1,0,0
2,128,19,2,[NULL],9994
2,134,14,2,[NULL],9996
2,132,16,1,[NULL],9998
2,131,17,1,2,0
2,131,17,0,0,0
2,130,18,0,1,0
2,129,19,0,0,0
2,128,20,0,1,0
2,128,20,"1,2",[NULL],9995
2,130,19,0,0,0
2,129,20,0,0,0
2,128,21,0,"0,2",0
2,126,23,2,[NULL],22
2,134,16,2,[NULL],9998
2,136,15,"3,4","2,3",0
2,133,18,4,4,0
2,132,19,0,0,0
2,132,19,1,[NULL],9998
2,131,20,1,1,0
2,130,21,0,0,0
2,130,21,3,3,0
2,133,19,1,0,0
2,133,19,3,2,9999
2,131,21,"0,1","0,1",0
2,130,22,1,2,0
2,147,6,9,[NULL],9997
2,143,10,5,7,0
2,143,10,8,9,0
2,143,10,7,8,0
2,134,19,2,2,0
2,134,19,3,[NULL],9998
2,142,12,1,1,0
2,141,13,3,0,0
2,134,20,"0,4",0,0
2,134,20,4,"0,1",0
2,134,20,1,2,0
2,134,20,3,[NULL],9998
2,151,4,1,1,0
2,146,9,8,7,0
2,143,12,7,6,0
2,135,20,2,2,0
2,134,21,0,2,0
2,133,22,2,2,0
2,130,25,1,1,0
2,143,13,3,2,0
2,136,20,0,1,0
2,135,21,1,0,0
2,135,21,2,[NULL],9998
2,132,24,3,[NULL],21
2,130,26,2,[NULL],23
2,148,9,7,2,9999
2,137,20,2,1,0
2,135,22,1,3,0
2,107,50,0,0,9999
2,107,51,0,0,9999
2,147,12,2,3,0
2,145,14,1,3,0
2,139,20,2,1,9999
2,108,51,0,0,9999
2,147,13,6,2,9999
2,144,16,3,[NULL],9998
2,141,19,1,1,0
2,139,21,3,[NULL],9998
0,47,8,0,1,3
0,47,8,2,[NULL],3
0,47,8,1,1,10000
0,64,3,0,1,2
0,59,8,0,2,2
0,70,9,"0,2",[NULL],9998
0,70,9,2,0,9999
0,70,9,1,[NULL],9999
0,71,9,0,1,9999
0,71,9,1,2,10000
0,67,15,0,0,2
0,79,6,0,3,2
0,77,8,0,5,2
0,77,8,1,6,10000
0,78,12,0,0,9999
0,84,7,0,2,9999
0,90,7,0,2,9999
0,87,10,0,1,2
0,87,13,0,1,10000
0,86,17,0,"1,2",2
0,102,8,1,1,2
0,102,8,2,4,10000
0,95,16,"0,2",3,3
0,95,16,1,1,10000
0,95,16,"2,3",3,10000
0,103,12,0,3,2
0,96,19,0,"0,1",2
0,103,14,1,0,9999
0,103,15,1,1,9999
0,106,15,1,1,2
0,101,20,1,0,2
0,111,12,0,"1,2",9999
0,105,19,0,2,2
0,105,19,1,3,10000
0,106,21,0,0,2
0,118,12,1,4,2
0,117,18,3,1,9999
0,117,18,1,[NULL],9999
0,124,12,1,8,2
0,116,23,0,0,2
0,125,15,1,6,10000
0,127,16,1,[NULL],9999
0,127,16,2,3,10000
0,121,24,0,0,2
0,135,15,3,[NULL],9998
0,125,25,4,1,3
0,126,25,1,0,2
0,126,25,0,[NULL],9969
0,136,27,1,[NULL],2
0,151,20,0,[NULL],2
0,146,29,3,[NULL],2
0,150,29,0,[NULL],10000
0,165,15,2,[NULL],10000
0,157,23,0,[NULL],9999
0,153,27,0,[NULL],10000
0,161,21,3,[NULL],9998
0,161,21,5,[NULL],9999
0,161,21,4,[NULL],9999
0,162,25,2,[NULL],7
0,162,25,"0,4",[NULL],10000
0,156,31,3,[NULL],2
0,163,28,2,[NULL],9997
0,182,18,7,[NULL],10000
0,178,22,4,[NULL],10000
1,46,10,0,0,9998
1,72,10,1,0,1
1,71,13,"0,1",0,9999
1,83,6,6,2,0
1,83,6,5,1,0
1,83,6,4,0,9999
1,83,6,"1,3","1,3",10000
1,83,6,0,0,10000
1,79,13,0,0,1
1,85,8,2,0,1
1,84,9,1,0,9999
1,91,8,2,0,1
1,89,16,0,0,9999
1,96,15,0,0,9999
1,94,17,0,0,9999
1,100,17,0,0,10000
1,99,18,0,0,9999
1,104,15,0,1,1
1,104,16,1,1,1
1,104,16,0,1,10000
1,110,17,4,"0,1,2",9999
1,114,21,1,0,9999
1,124,15,6,[NULL],9999
1,126,15,6,1,0
1,126,15,4,5,10000
1,119,22,2,2,0
1,119,22,0,0,9999
1,125,17,3,0,0
1,125,17,5,0,9999
1,125,17,2,4,10000
1,132,13,"4,5,7,9","3,4,6,7,8",10000
1,136,21,"0,1",0,0
1,169,14,4,[NULL],10000
1,167,22,5,[NULL],10000
1,178,19,6,[NULL],10000
1,175,25,3,[NULL],0
2,49,5,1,0,9997
2,49,5,0,[NULL],9997
2,46,12,0,0,2
2,66,1,1,0,9998
2,61,6,"1,2","1,2",0
2,61,6,2,0,9998
2,69,13,0,0,9998
2,81,4,2,2,0
2,81,4,4,4,0
2,81,4,3,0,9998
2,79,6,3,4,0
2,79,6,4,"2,4",0
2,79,6,"1,5","1,5",0
2,79,6,5,0,9998
2,71,14,0,"0,1",1
2,83,7,0,4,1
2,84,10,0,1,1
2,84,10,1,1,9999
2,89,8,1,0,9998
2,89,17,0,0,1
2,101,8,5,1,9998
2,104,6,1,1,9998
2,97,13,3,"0,2",9997
2,96,16,0,0,1
2,94,18,0,0,1
2,105,10,"2,3","3,4",0
2,105,10,3,0,9998
2,98,17,"0,1",0,9998
2,107,11,1,4,1
2,99,19,0,0,1
2,108,13,1,1,9998
2,103,18,0,1,9998
2,107,17,2,0,9998
2,110,18,"0,1,2",4,1
2,120,10,4,1,9998
2,126,10,8,1,9998
2,116,20,2,0,0
2,116,20,1,[NULL],0
2,114,22,0,1,1
2,118,21,0,0,9998
2,127,13,7,[NULL],9998
2,119,23,0,0,1
2,125,18,0,5,1
2,132,13,"3,4,6,7","4,5,7,9",0
2,124,21,5,0,9999
2,123,22,0,0,9998
2,127,22,1,4,9997
2,132,18,"0,1,4",1,1
2,128,23,0,1,9998
2,128,23,1,[NULL],9998
0,85,4,0,2,10000
0,85,5,1,5,10000
0,85,5,0,4,10000
0,86,5,2,3,10000
0,86,5,0,"1,3",10000
0,87,5,0,[NULL],9998
0,87,6,1,[NULL],9998
0,87,6,0,[NULL],9999
0,93,5,0,5,10000
0,94,6,2,6,10000
0,94,6,1,5,10000
0,92,8,0,3,1
0,88,12,0,[NULL],9998
0,88,12,"1,2",1,10000
0,93,9,"0,1","0,1",10000
0,86,16,2,[NULL],3
0,90,13,0,[NULL],10
0,99,5,0,5,10000
0,94,10,1,[NULL],9998
0,94,10,2,4,10000
0,98,7,0,2,10000
0,94,11,1,1,10000
0,90,15,0,0,1
0,98,8,1,6,10000
0,98,8,0,5,10000
0,94,12,1,[NULL],9997
0,91,15,0,[NULL],13
0,98,9,0,[NULL],9999
0,103,5,0,4,10000
0,100,8,1,8,10000
0,103,6,0,[NULL],9999
0,100,9,2,6,10000
0,99,10,1,5,2
0,99,10,2,7,10000
0,98,11,1,4,10000
0,97,13,0,1,10000
0,94,16,0,[NULL],9998
0,103,8,0,[NULL],9999
0,103,8,1,3,10000
0,103,9,1,2,10000
0,102,10,1,[NULL],9998
0,102,10,3,3,10000
0,102,10,2,2,10000
0,96,16,1,1,1
0,96,16,"0,2",[NULL],11
0,103,10,0,2,10000
0,108,6,1,3,10000
0,104,10,0,0,10000
0,98,16,0,[NULL],9998
0,97,17,0,2,1
0,109,6,0,3,10000
0,108,7,0,"2,3",10000
0,111,5,0,2,10000
0,110,6,0,3,10000
0,106,10,1,5,10000
0,109,8,0,2,10000
0,107,10,0,[NULL],9998
0,106,12,1,[NULL],9999
0,111,8,1,1,10000
0,111,8,0,0,10000
0,108,11,1,0,1
0,108,11,"0,2",2,10000
0,112,8,0,2,10000
0,112,8,1,3,10000
0,110,10,3,4,10000
0,110,10,"0,2","0,4,5",10000
0,110,10,1,2,10000
0,110,10,4,5,10000
0,102,18,0,0,10000
0,114,9,2,2,10000
0,117,7,0,0,10000
0,110,14,0,4,1
0,117,8,0,[NULL],9999
0,116,9,0,[NULL],9995
0,111,14,2,[NULL],9999
0,111,14,3,7,10000
0,117,10,0,[NULL],9999
0,117,10,1,[NULL],9999
0,117,13,1,[NULL],9999
0,111,19,0,[NULL],13
0,111,19,1,[NULL],15
0,117,14,2,4,10000
0,116,15,2,[NULL],9999
0,116,15,1,[NULL],9999
0,116,15,5,6,10000
0,114,17,3,[NULL],7
0,114,17,2,[NULL],7
0,114,17,0,0,10000
0,117,15,"0,1","2,3",10000
0,122,11,1,4,10000
0,118,15,2,1,10000
0,127,8,5,9,10000
0,125,10,2,[NULL],9999
0,124,11,0,7,10000
0,122,13,2,[NULL],9998
0,128,8,4,[NULL],9999
0,127,9,3,10,10000
0,125,11,"0,1",1,10000
0,127,10,5,[NULL],9999
0,119,18,2,5,1
0,128,10,1,[NULL],9999
0,126,12,0,[NULL],9998
0,125,13,3,6,10000
0,124,14,2,[NULL],9999
0,124,14,4,9,10000
0,130,9,3,11,10000
0,129,10,1,[NULL],9999
0,129,10,0,2,10000
0,128,11,2,7,10000
0,125,14,4,[NULL],9999
0,124,15,2,[NULL],9999
0,129,11,4,[NULL],9999
0,129,11,"2,3",4,10000
0,128,12,1,[NULL],9999
0,130,11,2,[NULL],9999
0,120,21,2,[NULL],2
0,120,21,3,[NULL],11
0,128,14,"1,2",6,10000
0,130,13,1,[NULL],9999
0,129,14,0,[NULL],9999
0,129,14,3,5,10000
0,126,17,2,[NULL],9999
0,126,17,1,5,10000
0,133,11,6,[NULL],9999
0,132,12,1,[NULL],9999
0,125,19,0,[NULL],9999
0,133,12,5,[NULL],9999
0,133,12,4,11,10000
0,129,16,3,[NULL],9999
0,129,16,4,[NULL],9999
0,128,17,3,[NULL],9999
0,128,17,0,[NULL],9999
0,128,17,2,2,10000
0,133,13,1,8,10000
0,132,14,2,3,10000
0,130,16,1,[NULL],9999
0,130,16,0,0,10000
0,134,13,2,[NULL],9999
0,134,13,6,[NULL],9999
0,133,14,0,5,10000
0,133,14,3,10,10000
0,133,14,4,11,10000
0,141,7,3,[NULL],9999
0,142,7,3,[NULL],9999
0,139,10,2,12,10000
0,131,18,0,[NULL],9999
0,131,18,1,[NULL],9999
0,141,9,"3,4","9,10",10000
0,137,13,1,[NULL],9999
0,137,13,2,[NULL],9999
0,134,16,2,"0,1",10000
0,133,17,1,[NULL],9998
0,131,19,0,[NULL],9998
0,131,19,1,[NULL],9998
0,137,15,1,[NULL],9994
0,136,16,1,[NULL],9996
0,139,14,1,[NULL],9999
0,136,17,0,[NULL],9997
0,134,19,2,[NULL],9999
0,134,19,0,"0,1",10000
0,141,13,2,5,10000
0,141,13,4,6,10000
0,136,19,2,0,9999
0,135,20,1,4,10000
0,143,13,2,2,1
0,143,13,0,[NULL],9999
0,143,13,3,5,10000
0,140,16,0,[NULL],9999
0,137,19,0,[NULL],9998
0,137,19,2,[NULL],9998
0,137,19,1,1,10000
0,136,20,0,[NULL],9998
0,136,20,4,[NULL],9998
0,136,20,2,2,10000
0,135,21,0,"0,1",10000
0,143,14,2,[NULL],9999
0,143,14,0,[NULL],9999
0,140,18,0,6,10000
0,139,19,2,[NULL],9998
0,145,14,2,6,1
0,145,14,0,[NULL],9999
0,148,12,3,[NULL],9999
0,141,19,2,6,10000
0,137,23,2,4,10000
0,142,19,0,[NULL],9999
0,142,19,2,2,10000
0,107,54,0,[NULL],2
0,158,4,0,3,10000
0,156,6,0,11,10000
0,144,18,4,[NULL],9999
0,144,18,3,4,10000
0,143,19,3,[NULL],9999
0,143,19,4,4,10000
0,141,21,2,[NULL],9999
0,141,21,4,5,10000
0,144,19,2,[NULL],9999
0,143,20,1,[NULL],9999
0,151,13,5,7,10000
0,143,21,3,3,9999
0,143,21,4,5,10000
0,150,15,3,[NULL],9999
0,142,23,0,"0,1",10000
0,147,19,3,5,10000
0,143,24,2,2,10000
0,153,15,1,[NULL],9999
0,153,15,4,[NULL],9999
0,153,15,5,7,10000
0,149,19,5,6,10000
0,149,19,4,5,10000
0,146,22,"4,5",[NULL],9999
0,153,16,1,9,10000
0,148,21,4,[NULL],9999
0,144,25,1,[NULL],9970
0,143,26,2,[NULL],9999
0,143,26,3,2,10000
0,154,17,3,3,10000
0,148,23,4,[NULL],9995
0,154,18,2,[NULL],9998
0,150,22,3,[NULL],1
0,149,23,2,5,10000
0,149,23,1,3,10000
0,149,23,3,6,10000
0,148,24,2,3,10000
0,144,28,2,3,10000
0,156,18,0,[NULL],9999
0,151,23,0,[NULL],9998
0,151,23,2,[NULL],9998
0,155,21,2,2,10000
0,155,21,1,1,10000
0,154,25,0,[NULL],9997
0,161,19,2,4,10000
0,158,22,3,7,10000
0,156,24,2,[NULL],9998
0,156,24,0,[NULL],9999
0,121,59,0,[NULL],21
0,160,21,2,[NULL],9998
0,160,21,1,4,10000
0,151,30,3,[NULL],2
0,121,60,0,[NULL],21
0,160,22,3,2,10000
0,157,25,3,[NULL],9983
0,174,9,5,8,10000
0,174,9,6,9,10000
0,165,20,"1,2",8,10000
0,164,22,3,5,10000
0,162,24,1,[NULL],9999
0,161,25,"2,3",[NULL],9999
0,161,25,1,[NULL],9999
0,177,10,2,2,10000
0,168,19,1,[NULL],9999
0,164,23,4,6,10000
0,161,26,5,[NULL],9996
0,167,21,2,[NULL],9999
0,157,31,0,[NULL],9989
0,166,23,5,5,10000
0,166,23,"3,4",3,10000
0,171,19,2,10,10000
0,169,21,2,[NULL],9999
0,169,23,3,6,10000
0,169,23,4,7,10000
0,168,24,2,[NULL],9996
0,168,24,5,[NULL],9996
0,166,26,"1,2",[NULL],9999
0,166,26,4,6,10000
0,167,26,3,[NULL],9998
0,167,26,"1,2",[NULL],9998
0,162,31,3,[NULL],9993
0,167,27,"2,3",3,10000
0,172,23,1,8,10000
0,170,25,1,[NULL],9999
0,167,28,2,4,10000
0,173,23,2,8,10000
0,167,29,2,3,10000
0,164,33,"0,1,4",[NULL],9998
0,174,24,3,6,10000
0,174,24,4,7,10000
0,171,27,2,[NULL],9998
0,169,29,3,[NULL],9999
0,169,29,2,[NULL],9999
1,60,14,0,[NULL],4
1,65,10,3,0,0
1,65,10,1,[NULL],4
1,65,10,2,3,10000
1,65,10,0,0,10000
1,64,11,0,0,9999
1,73,7,"1,2",[NULL],9998
1,73,8,1,2,10000
1,71,10,0,0,1
1,71,10,1,[NULL],1
1,71,11,"0,1",0,0
1,71,11,2,[NULL],2
1,71,11,1,0,10000
1,78,5,7,1,0
1,78,5,2,[NULL],9998
1,78,5,6,5,10000
1,78,5,3,2,10000
1,77,6,3,0,0
1,77,6,5,4,10000
1,77,6,6,5,10000
1,77,6,7,6,10000
1,80,5,6,[NULL],9997
1,80,5,0,0,10000
1,80,5,2,2,10000
1,80,5,5,6,10000
1,77,8,4,1,0
1,77,8,1,[NULL],9995
1,77,8,0,[NULL],9995
1,77,9,4,1,0
1,86,4,2,0,0
1,86,4,1,1,10000
1,86,5,5,1,0
1,86,5,4,0,0
1,87,5,3,2,0
1,87,5,1,"0,2",0
1,88,7,3,[NULL],9994
1,88,7,"0,2",0,10000
1,88,7,1,1,10000
1,88,8,"0,3",[NULL],9995
1,88,8,3,1,10000
1,86,10,1,2,10000
1,86,10,0,1,10000
1,86,11,2,2,10000
1,86,11,1,1,10000
1,88,10,3,[NULL],9997
1,88,10,1,2,10000
1,86,12,3,3,10000
1,86,12,2,1,10000
1,86,12,0,0,10000
1,85,13,2,0,0
1,85,13,0,"0,2",10000
1,85,13,3,1,10000
1,84,14,2,1,0
1,84,14,"0,1",[NULL],9
1,94,5,5,0,0
1,92,7,3,2,10000
1,88,11,"0,2",0,10000
1,84,15,1,0,9999
1,92,8,3,2,10000
1,92,8,1,0,10000
1,96,5,3,0,0
1,96,5,4,[NULL],9998
1,96,5,2,1,10000
1,95,6,6,2,0
1,95,6,5,1,0
1,93,8,1,1,10000
1,93,8,"0,2","0,2",10000
1,92,9,4,0,0
1,92,9,1,"0,1",10000
1,89,12,1,"1,2",0
1,89,12,0,0,10000
1,96,6,0,[NULL],9999
1,93,9,6,1,0
1,93,9,"4,5","3,4",10000
1,92,10,"0,1","0,2",10000
1,92,10,2,"1,2",10000
1,96,7,5,1,0
1,96,7,2,1,10000
1,96,7,3,3,10000
1,94,9,"0,1","0,1",0
1,94,9,6,[NULL],9999
1,94,9,1,0,10000
1,93,10,5,0,0
1,93,10,"2,3","2,3",10000
1,93,10,3,3,10000
1,92,11,4,[NULL],9999
1,92,11,0,0,10000
1,92,11,3,2,10000
1,99,5,1,2,10000
1,94,10,5,1,0
1,94,10,3,3,10000
1,93,11,1,1,10000
1,90,14,2,0,0
1,90,14,0,0,10000
1,100,5,5,0,0
1,100,5,4,4,10000
1,99,6,6,0,0
1,99,6,5,5,10000
1,99,6,4,4,10000
1,96,9,3,[NULL],9998
1,95,10,4,2,0
1,95,10,3,2,10000
1,99,7,2,0,0
1,96,10,0,[NULL],9999
1,102,5,2,2,10000
1,102,5,1,1,10000
1,100,7,10,2,0
1,100,7,7,7,10000
1,99,8,6,1,0
1,99,8,5,0,0
1,99,8,3,3,10000
1,99,8,4,4,10000
1,96,11,3,2,0
1,96,11,1,[NULL],9997
1,96,11,"0,2",1,10000
1,95,12,0,1,10000
1,95,12,1,2,10000
1,99,9,1,2,10000
1,96,12,4,5,10000
1,104,5,4,0,0
1,104,5,3,3,10000
1,102,7,4,4,10000
1,102,7,3,3,10000
1,102,7,5,5,10000
1,101,8,8,1,0
1,100,9,4,4,10000
1,99,10,2,2,10000
1,97,12,4,0,0
1,97,12,3,3,10000
1,101,9,6,2,0
1,100,10,7,2,0
1,99,11,4,1,0
1,99,11,"0,1","0,2",10000
1,95,15,1,0,0
1,95,15,"2,3",[NULL],6
1,95,15,0,0,10000
1,106,5,1,1,10000
1,106,5,2,2,10000
1,103,8,4,2,0
1,103,8,2,[NULL],9999
1,103,8,0,1,10000
1,99,12,4,0,0
1,99,12,0,[NULL],0
1,99,12,3,3,10000
1,99,12,1,1,10000
1,98,13,1,0,0
1,98,13,0,0,10000
1,109,4,1,1,10000
1,104,9,2,1,0
1,104,9,1,[NULL],9999
1,103,10,3,3,0
1,103,10,2,2,0
1,103,10,0,[NULL],9995
1,104,10,2,0,0
1,110,5,1,1,10000
1,109,6,3,1,0
1,109,6,2,[NULL],9999
1,109,6,1,1,10000
1,109,6,0,0,10000
1,106,9,4,3,10000
1,105,10,0,0,0
1,105,10,"3,4","2,3",10000
1,110,6,3,0,0
1,109,7,"2,3",0,0
1,107,9,2,[NULL],9994
1,107,9,1,2,10000
1,112,5,2,0,0
1,111,6,3,0,0
1,111,6,"0,2","0,2",10000
1,108,9,7,[NULL],9996
1,108,9,6,4,10000
1,108,9,"1,2,4","0,1,2,3",10000
1,108,9,5,3,10000
1,107,10,5,1,0
1,107,10,4,1,9999
1,106,11,2,3,10000
1,101,16,2,1,0
1,101,16,0,[NULL],9968
1,111,7,1,1,10000
1,110,8,2,0,0
1,113,6,3,3,10000
1,113,6,2,2,10000
1,111,8,4,0,0
1,111,8,6,1,0
1,111,8,2,2,10000
1,114,6,0,0,10000
1,112,8,1,1,0
1,112,8,0,0,0
1,111,9,0,0,0
1,111,9,1,0,10000
1,111,9,2,1,10000
1,116,5,0,0,10000
1,115,6,0,0,10000
1,113,8,2,0,0
1,113,8,3,1,0
1,113,8,1,2,10000
1,112,9,5,3,0
1,112,9,4,2,0
1,112,9,2,2,10000
1,111,10,4,3,0
1,111,10,"0,5","0,2,3",0
1,111,10,2,1,0
1,111,10,5,4,0
1,111,10,1,0,10000
1,114,8,4,1,10000
1,105,17,1,0,0
1,105,17,0,[NULL],10
1,114,9,3,4,10000
1,114,9,2,3,10000
1,114,9,0,0,10000
1,113,10,4,2,0
1,113,10,3,[NULL],9999
1,113,10,1,2,10000
1,113,10,0,1,10000
1,113,10,2,3,10000
1,109,14,3,[NULL],9996
1,109,14,"1,2","2,3",10000
1,104,19,1,0,9999
1,115,9,2,2,0
1,115,9,1,[NULL],9997
1,118,7,0,0,0
1,116,9,0,1,0
1,112,13,"1,2",0,1
1,111,14,3,2,10000
1,110,15,4,[NULL],9964
1,110,15,"2,3","2,3",10000
1,106,19,3,1,0
1,106,19,0,[NULL],0
1,115,12,3,[NULL],9998
1,116,12,0,[NULL],9996
1,119,10,7,1,0
1,119,10,5,5,10000
1,116,13,3,0,0
1,116,13,1,4,10000
1,115,14,3,2,0
1,115,14,4,[NULL],9998
1,115,14,2,[NULL],9998
1,109,20,3,1,9999
1,116,14,"0,5",5,10000
1,116,14,"4,5","4,5",10000
1,116,14,"2,3","0,1,3",10000
1,113,17,0,[NULL],9999
1,118,13,6,[NULL],9999
1,118,13,5,3,10000
1,118,14,4,2,0
1,118,14,1,3,10000
1,117,15,6,5,0
1,117,15,1,0,10000
1,114,18,"0,1,2",0,0
1,114,18,"1,2",0,10000
1,124,9,9,[NULL],9999
1,118,15,"2,3","0,1",0
1,118,15,3,[NULL],9997
1,117,16,7,3,0
1,117,16,"5,6","1,2",0
1,117,16,6,[NULL],9999
1,117,16,0,[NULL],9999
1,117,16,"1,2","0,1",10000
1,117,16,3,4,10000
1,123,11,4,1,0
1,119,15,1,2,0
1,126,9,12,[NULL],9999
1,123,12,4,4,10000
1,122,13,4,[NULL],9999
1,128,8,9,5,0
1,125,11,7,0,0
1,118,18,0,[NULL],9976
1,118,18,1,1,10000
1,129,8,12,9,10000
1,128,9,10,3,0
1,127,10,9,[NULL],9999
1,126,11,1,"0,1",0
1,119,18,2,[NULL],9976
1,118,19,4,1,0
1,118,19,1,3,1
1,118,19,3,[NULL],9977
1,118,19,0,0,10000
1,118,19,2,3,10000
1,130,8,5,8,10000
1,127,11,"7,8","3,4",0
1,127,11,2,3,10000
1,127,11,"3,4",4,10000
1,123,15,"0,1","1,3",10000
1,119,19,"0,1",0,0
1,119,19,2,[NULL],9977
1,119,19,1,0,10000
1,119,19,3,2,10000
1,127,12,4,6,10000
1,127,12,3,5,10000
1,126,13,6,3,0
1,125,14,9,4,0
1,122,17,3,"2,3",0
1,119,20,3,1,0
1,133,7,4,5,10000
1,131,9,11,3,0
1,130,10,2,0,0
1,129,11,7,2,0
1,129,11,6,[NULL],9999
1,128,12,"4,5,8",[NULL],9999
1,128,12,3,1,10000
1,125,15,"0,3",[NULL],9999
1,132,9,8,9,10000
1,130,11,4,"2,3",0
1,130,11,1,1,10000
1,128,13,5,4,10000
1,131,11,13,[NULL],9999
1,127,15,9,[NULL],9998
1,127,15,"0,1,2",[NULL],9998
1,127,15,2,"0,2,3",10000
1,131,12,"0,1,3,5",[NULL],9999
1,129,14,6,"1,2",0
1,129,14,5,[NULL],9999
1,129,14,3,1,10000
1,128,15,5,[NULL],9996
1,127,16,2,1,10000
1,131,13,6,[NULL],9999
1,127,17,5,1,0
1,127,17,4,5,10000
1,134,11,6,6,10000
1,131,14,2,0,0
1,131,14,4,4,10000
1,130,15,6,1,0
1,130,15,5,5,10000
1,127,18,5,"2,4",0
1,127,18,2,1,10000
1,134,12,11,4,0
1,134,12,10,[NULL],9999
1,130,16,0,[NULL],9999
1,134,13,8,1,0
1,131,16,0,0,0
1,124,23,2,0,9999
1,134,14,5,0,0
1,134,14,10,3,0
1,134,14,11,4,0
1,130,18,"0,1",0,0
1,130,18,3,[NULL],9995
1,130,18,4,[NULL],9995
1,130,18,1,0,10000
1,136,13,3,[NULL],9999
1,136,13,2,2,10000
1,132,17,1,"0,1,4",9999
1,125,24,"0,1",[NULL],9989
1,125,24,2,[NULL],9989
1,140,10,12,2,0
1,142,9,"9,10","3,4",0
1,138,13,2,2,10000
1,135,16,"0,1",2,0
1,135,16,3,[NULL],9998
1,135,16,1,0,10000
1,132,19,0,0,10000
1,138,14,1,1,10000
1,144,9,"11,12","9,10",10000
1,142,11,6,4,10000
1,142,11,"3,7","3,6",10000
1,133,20,"0,1","0,1,2,3",10000
1,129,24,0,1,9999
1,136,18,"1,4",0,0
1,136,18,4,[NULL],9999
1,135,19,"0,1",0,0
1,133,21,2,0,0
1,142,13,5,2,0
1,142,13,6,4,0
1,136,19,4,3,10000
1,146,10,6,4,10000
1,136,20,4,1,0
1,136,20,1,0,10000
1,145,12,5,4,0
1,145,12,3,3,10000
1,144,13,5,3,0
1,143,14,5,[NULL],9997
1,138,19,1,1,0
1,137,20,2,2,0
1,137,20,0,2,1
1,137,20,1,2,10000
1,143,16,4,[NULL],9999
1,141,18,6,0,0
1,134,25,0,0,9999
1,143,18,4,[NULL],10000
1,142,19,6,2,0
1,142,19,4,[NULL],10000
1,159,4,3,0,0
1,157,6,11,0,0
1,145,18,4,3,0
1,144,19,4,4,0
1,142,21,5,4,0
1,142,21,1,[NULL],10000
1,151,13,7,[NULL],10000
1,152,13,7,5,0
1,148,17,"8,9",[NULL],10000
1,147,18,5,[NULL],10000
1,147,19,8,4,0
1,144,22,3,3,1
1,151,16,0,[NULL],9999
1,148,19,5,3,0
1,144,24,2,2,0
1,154,15,7,5,0
1,150,19,6,5,0
1,150,19,5,4,0
1,150,19,3,[NULL],10000
1,154,16,9,1,0
1,147,23,0,[NULL],10000
1,155,17,3,3,0
1,154,18,5,3,0
1,150,22,5,[NULL],9995
1,156,17,"3,4",[NULL],0
1,150,23,5,2,0
1,150,23,3,1,0
1,150,23,6,3,0
1,149,24,3,2,0
1,145,28,3,2,0
1,163,14,6,[NULL],10000
1,156,21,2,2,0
1,156,21,1,1,0
1,155,23,4,[NULL],9999
1,162,19,4,2,0
1,160,21,5,4,0
1,160,21,4,[NULL],10000
1,159,22,7,3,0
1,156,25,0,[NULL],5
1,161,21,4,1,0
1,161,21,2,[NULL],10000
1,163,20,4,[NULL],10000
1,161,22,2,3,0
1,175,9,8,5,0
1,175,9,9,6,0
1,171,14,2,[NULL],10000
1,167,18,6,[NULL],10000
1,167,18,7,[NULL],10000
1,168,18,4,[NULL],10000
1,166,20,8,"1,2",0
1,165,22,5,3,0
1,178,10,2,2,0
1,168,20,7,[NULL],9999
1,166,22,5,[NULL],10000
1,165,23,6,4,0
1,168,21,5,[NULL],10000
1,168,21,6,[NULL],10000
1,167,23,5,5,0
1,167,23,3,"3,4",0
1,172,19,10,2,0
1,172,19,11,[NULL],9999
1,164,27,5,3,0
1,172,20,6,[NULL],10000
1,170,22,5,[NULL],10000
1,170,23,6,3,0
1,170,23,7,4,0
1,170,23,5,[NULL],9999
1,169,24,6,[NULL],1
1,169,24,5,[NULL],9999
1,168,25,6,5,0
1,167,26,6,4,0
1,171,23,3,[NULL],10000
1,171,23,6,[NULL],10000
1,173,22,11,[NULL],10000
1,172,23,7,[NULL],9998
1,168,27,3,"2,3",0
1,173,23,8,1,0
1,171,25,5,[NULL],9999
1,168,28,4,2,0
1,174,23,8,2,0
1,174,23,6,[NULL],0
1,174,23,9,[NULL],9999
1,174,23,3,[NULL],10000
1,174,23,5,[NULL],10000
1,168,29,3,2,0
1,175,24,6,3,0
1,175,24,7,4,0
1,175,24,4,[NULL],9999
1,175,24,3,[NULL],10000
1,175,24,2,[NULL],10000
1,170,29,2,[NULL],10000
2,61,5,3,3,0
2,61,5,"0,1",[NULL],9995
2,64,12,0,0,1
2,69,10,2,2,0
2,69,10,1,[NULL],3
2,77,3,2,[NULL],9988
2,69,11,0,[NULL],4
2,69,11,1,1,9999
2,73,8,2,1,0
2,81,2,2,[NULL],9995
2,77,6,4,5,0
2,77,6,5,6,0
2,77,6,6,7,0
2,80,5,0,0,0
2,80,5,2,2,0
2,80,5,6,5,0
2,84,5,4,4,0
2,84,5,2,[NULL],9997
2,84,5,1,[NULL],9997
2,84,5,0,[NULL],9997
2,83,6,"1,3","1,3",0
2,83,6,0,0,0
2,83,6,3,[NULL],9998
2,83,6,2,[NULL],9998
2,76,13,2,0,9999
2,86,4,1,1,0
2,81,9,1,[NULL],9995
2,81,9,0,1,9999
2,86,5,2,[NULL],9995
2,86,5,3,[NULL],9998
2,87,5,0,[NULL],9996
2,85,9,0,[NULL],9998
2,86,10,2,1,0
2,86,10,1,0,0
2,86,10,3,[NULL],9997
2,83,13,0,[NULL],8
2,86,11,2,2,0
2,86,11,1,1,0
2,86,12,3,3,0
2,86,12,1,2,0
2,86,12,0,0,0
2,85,13,0,0,0
2,85,13,1,3,0
2,92,7,2,3,0
2,92,7,0,[NULL],9995
2,88,11,0,"0,2",0
2,92,8,2,3,0
2,92,8,0,1,0
2,92,8,3,[NULL],9995
2,84,16,0,1,1
2,94,7,3,0,9999
2,93,8,1,1,0
2,93,8,"0,2","0,2",0
2,92,9,"0,1",1,0
2,92,9,3,[NULL],9996
2,89,12,0,0,0
2,92,10,"0,2","0,1",0
2,92,10,"1,2",2,0
2,97,6,4,5,0
2,97,6,1,[NULL],9997
2,96,7,1,2,0
2,96,7,3,"3,5",0
2,96,7,2,[NULL],9998
2,93,10,"2,3","2,3",0
2,93,10,3,3,0
2,88,15,"1,2",0,9998
2,88,15,"0,2",[NULL],9998
2,99,5,2,1,0
2,99,5,0,0,9999
2,94,10,3,3,0
2,89,15,0,[NULL],3
2,100,5,4,4,0
2,99,6,5,5,0
2,99,6,4,4,0
2,97,8,3,3,0
2,97,8,4,[NULL],9998
2,97,8,2,[NULL],9998
2,97,8,1,[NULL],9998
2,96,9,0,[NULL],9997
2,95,10,2,3,0
2,92,13,3,0,9999
2,102,5,2,2,0
2,102,5,1,1,0
2,100,7,7,7,0
2,99,8,3,3,0
2,99,8,4,4,0
2,97,10,4,[NULL],9994
2,96,11,1,"0,2",0
2,96,11,"0,4",[NULL],9998
2,95,12,1,0,0
2,95,12,2,1,0
2,95,12,0,1,9999
2,99,9,2,1,0
2,97,11,2,4,0
2,96,12,5,4,0
2,102,7,4,4,0
2,102,7,3,3,0
2,102,7,5,5,0
2,100,9,4,4,0
2,99,10,2,2,0
2,97,12,3,3,0
2,94,15,0,0,0
2,94,15,2,1,0
2,94,15,1,[NULL],11
2,99,11,0,"0,1",0
2,95,15,0,0,0
2,106,5,1,1,0
2,106,5,2,2,0
2,103,8,1,0,0
2,102,9,3,[NULL],9998
2,102,9,1,[NULL],9998
2,99,12,3,3,0
2,99,12,1,1,0
2,109,4,1,1,0
2,103,10,2,[NULL],9996
2,102,11,1,1,0
2,102,11,0,[NULL],9995
2,105,9,"4,5",[NULL],9995
2,98,16,0,[NULL],11
2,98,16,1,0,9999
2,110,5,1,1,0
2,110,5,2,[NULL],9995
2,106,9,3,4,0
2,99,16,"0,3",[NULL],12
2,99,16,2,0,9999
2,107,9,2,1,0
2,111,6,"0,2","0,2",0
2,108,9,4,6,0
2,108,9,"0,1,2,3","1,2,4",0
2,108,9,3,5,0
2,106,11,3,2,0
2,111,7,1,1,0
2,106,12,1,[NULL],9998
2,113,6,3,3,0
2,113,6,2,2,0
2,111,8,2,2,0
2,107,12,0,[NULL],9996
2,105,14,1,[NULL],10
2,114,6,0,0,0
2,111,9,0,1,0
2,111,9,1,2,0
2,110,10,0,1,9999
2,116,5,0,0,0
2,115,6,0,0,0
2,112,9,2,2,0
2,111,10,0,1,0
2,104,17,0,1,0
2,104,17,"1,2",[NULL],12
2,114,8,1,4,0
2,114,8,0,[NULL],9998
2,114,9,4,3,0
2,114,9,3,2,0
2,114,9,0,0,0
2,114,9,1,[NULL],9997
2,113,10,2,1,0
2,113,10,1,0,0
2,113,10,3,2,0
2,113,10,0,1,9999
2,108,15,2,[NULL],12
2,107,16,1,[NULL],9997
2,104,20,0,1,1
2,112,13,4,0,9999
2,108,19,0,0,9998
2,119,10,5,5,0
2,116,14,5,"0,5",0
2,116,14,4,"0,4",0
2,116,14,"1,3","2,3",0
2,109,21,1,3,1
2,118,13,3,5,0
2,116,15,3,4,0
2,116,15,6,6,0
2,122,10,6,[NULL],9998
2,120,13,0,[NULL],9998
2,114,19,0,0,0
2,117,17,"0,4","1,3",0
2,117,17,4,3,0
2,117,17,3,[NULL],11
2,123,12,4,4,0
2,124,12,4,[NULL],9995
2,129,8,9,12,0
2,130,8,8,5,0
2,128,10,4,[NULL],9998
2,127,11,3,2,0
2,127,11,4,"3,4",0
2,123,15,1,"0,1",0
2,121,17,4,[NULL],9998
2,121,17,5,2,9999
2,127,12,6,4,0
2,127,12,5,3,0
2,133,7,5,4,0
2,128,12,1,3,0
2,132,9,9,8,0
2,130,11,1,1,0
2,128,13,4,5,0
2,126,15,5,4,0
2,126,15,4,[NULL],9998
2,122,19,2,[NULL],9998
2,128,14,"2,3",0,0
2,128,14,8,[NULL],9997
2,127,15,"0,2",2,0
2,127,16,1,2,0
2,123,20,1,[NULL],12
2,123,20,0,1,9999
2,128,16,4,2,0
2,128,16,0,0,0
2,127,17,5,"4,5",0
2,127,17,2,[NULL],9998
2,126,18,4,[NULL],9995
2,124,20,1,[NULL],14
2,134,11,6,6,0
2,131,14,4,4,0
2,130,15,5,5,0
2,135,12,8,[NULL],9995
2,127,20,"0,4",0,0
2,124,24,0,2,1
2,136,13,2,2,0
2,132,17,2,0,9999
2,138,12,7,[NULL],9998
2,136,14,"1,2",0,0
2,138,13,2,2,0
2,138,13,4,[NULL],9997
2,135,16,0,1,0
2,129,22,0,1,0
2,129,22,1,[NULL],0
2,145,7,4,[NULL],9998
2,143,9,2,4,0
2,143,9,4,[NULL],9995
2,138,14,1,1,0
2,144,9,"9,10","11,12",0
2,142,11,4,6,0
2,142,11,"3,6","3,7",0
2,141,12,6,[NULL],9998
2,133,20,"0,1,3","0,1,2",0
2,132,21,"2,3",0,0
2,139,15,4,[NULL],9996
2,133,21,"1,3",[NULL],9996
2,133,21,2,[NULL],9996
2,129,25,1,0,1
2,136,19,3,4,0
2,146,10,4,6,0
2,145,12,3,3,0
2,145,12,2,2,9999
2,142,15,5,[NULL],9998
2,144,14,3,[NULL],9998
2,151,8,3,[NULL],9998
2,137,22,1,0,0
2,137,22,2,1,0
2,146,14,3,[NULL],9998
2,140,20,2,[NULL],9997
2,136,24,0,[NULL],0
2,135,25,1,[NULL],23
2,134,26,0,0,1
0,91,13,0,0,2
0,91,18,0,0,2
0,101,9,3,1,2
0,115,9,"1,2",0,9999
0,115,9,2,0,10000
0,115,13,1,3,9998
0,115,13,0,3,10000
0,111,22,0,1,2
0,129,13,2,2,9999
0,135,13,3,1,9999
0,135,13,1,[NULL],9999
0,131,26,1,1,2
1,116,10,0,"1,2",1
1,116,15,3,1,2
1,116,15,4,3,10000
1,116,15,6,6,10000
1,124,19,0,1,1
1,130,14,5,3,0
1,130,14,2,2,1
1,130,14,1,5,10000
1,136,14,1,3,1
1,136,14,0,"1,2",10000
1,145,19,4,[NULL],10000
1,167,28,6,3,0
2,93,11,1,1,0
2,93,11,0,0,9998
2,93,16,0,0,9998
2,103,7,1,3,9998
2,103,7,0,2,9999
2,113,20,1,0,9998
2,133,24,1,1,9998
0,101,10,0,[NULL],9999
0,127,12,0,[NULL],9999
0,123,18,"1,2",[NULL],9996
0,123,18,2,0,9999
0,148,15,1,7,10000
0,148,16,2,9,10000
0,148,17,4,9,10000
0,150,16,2,[NULL],9999
0,148,18,5,5,10000
0,150,17,3,[NULL],9996
0,150,18,1,[NULL],9997
0,150,19,1,[NULL],9998
0,160,18,2,[NULL],9999
0,160,18,5,9,10000
0,163,18,3,5,10000
0,171,16,1,[NULL],9999
1,149,15,7,1,0
1,149,15,5,[NULL],10000
1,149,16,9,2,0
1,149,17,9,4,0
1,149,18,5,5,0
1,149,18,1,[NULL],10000
1,161,18,9,5,0
1,164,18,5,3,0
1,164,18,2,[NULL],0
2,93,9,"3,4","4,5",0
2,93,9,4,[NULL],9994
2,93,15,0,[NULL],11
2,93,15,1,0,9999
2,104,10,2,[NULL],9997
2,104,10,3,[NULL],9997
2,120,15,5,[NULL],9998
2,122,16,3,[NULL],9996
2,140,19,"3,4",[NULL],9998
2,140,19,4,[NULL],9998
