id,name,stem,s
0,[NULL],0,0
1,[NULL],2,1
2,[NULL],5,1
3,[NULL],6,1
4,[NULL],7,3
5,[NULL],13,3
6,[NULL],13,4
7,[NULL],15,3
8,[NULL],16,2
9,[NULL],17,2
10,[NULL],15,7
11,[NULL],19,4
12,[NULL],20,4
13,[NULL],21,3
14,[NULL],21,4
15,[NULL],22,3
16,[NULL],23,3
17,[NULL],21,8
18,[NULL],25,7
19,[NULL],23,11
20,[NULL],28,7
21,[NULL],31,5
22,[NULL],33,3
23,[NULL],32,5
24,[NULL],33,4
25,[NULL],31,7
26,[NULL],32,6
27,[NULL],33,5
28,[NULL],34,4
29,[NULL],35,3
30,[NULL],34,5
31,[NULL],29,12
32,[NULL],34,7
33,[NULL],37,5
34,[NULL],39,4
35,[NULL],37,7
36,[NULL],37,7
37,[NULL],38,6
38,[NULL],39,5
39,[NULL],31,15
40,[NULL],43,3
41,[NULL],44,3
42,[NULL],42,8
43,[NULL],45,5
44,[NULL],45,6
45,[NULL],47,5
46,[NULL],37,16
47,[NULL],44,9
48,[NULL],48,5
49,[NULL],49,4
50,[NULL],41,15
51,[NULL],45,11
52,[NULL],47,9
53,[NULL],48,8
54,[NULL],49,7
55,[NULL],52,4
56,[NULL],49,8
57,[NULL],50,7
58,[NULL],50,7
59,[NULL],51,6
60,[NULL],39,19
61,[NULL],50,8
62,[NULL],51,7
63,[NULL],51,7
64,[NULL],52,6
65,[NULL],52,7
66,[NULL],53,6
67,[NULL],54,5
68,[NULL],51,9
69,[NULL],54,6
70,[NULL],52,9
71,[NULL],49,13
72,[NULL],56,6
73,[NULL],55,9
74,[NULL],55,9
75,[NULL],56,8
76,[NULL],45,20
77,[NULL],56,10
78,[NULL],59,7
79,[NULL],59,7
80,[NULL],60,6
81,[NULL],62,4
82,[NULL],57,10
83,[NULL],53,15
84,[NULL],58,10
85,[NULL],63,5
86,[NULL],59,10
87,[NULL],62,7
88,[NULL],62,7
89,[NULL],63,6
90,[NULL],63,6
91,[NULL],47,23
92,[NULL],60,10
93,[NULL],61,9
94,[NULL],61,10
95,[NULL],62,9
96,[NULL],63,8
97,[NULL],64,7
98,[NULL],66,5
99,[NULL],63,9
100,[NULL],64,8
101,[NULL],65,7
102,[NULL],65,7
103,[NULL],65,8
104,[NULL],67,6
105,[NULL],68,5
106,[NULL],63,11
107,[NULL],64,10
108,[NULL],64,10
109,[NULL],68,6
110,[NULL],69,5
111,[NULL],70,4
112,[NULL],65,10
113,[NULL],69,6
114,[NULL],70,5
115,[NULL],71,4
116,[NULL],65,11
117,[NULL],68,8
118,[NULL],70,6
119,[NULL],53,24
120,[NULL],67,10
121,[NULL],67,11
122,[NULL],68,10
123,[NULL],68,10
124,[NULL],69,9
125,[NULL],69,9
126,[NULL],69,9
127,[NULL],70,8
128,[NULL],69,10
129,[NULL],57,23
130,[NULL],61,19
131,[NULL],67,13
132,[NULL],68,12
133,[NULL],69,11
134,[NULL],75,5
135,[NULL],69,12
136,[NULL],70,11
137,[NULL],73,8
138,[NULL],75,6
139,[NULL],55,27
140,[NULL],70,12
141,[NULL],71,11
142,[NULL],74,8
143,[NULL],70,13
144,[NULL],74,9
145,[NULL],76,8
146,[NULL],75,10
147,[NULL],76,9
148,[NULL],79,6
149,[NULL],73,13
150,[NULL],77,9
151,[NULL],77,9
152,[NULL],79,7
153,[NULL],80,6
154,[NULL],81,5
155,[NULL],82,4
156,[NULL],74,13
157,[NULL],78,9
158,[NULL],79,8
159,[NULL],80,7
160,[NULL],80,7
161,[NULL],81,6
162,[NULL],83,4
163,[NULL],79,9
164,[NULL],79,9
165,[NULL],80,8
166,[NULL],61,28
167,[NULL],72,17
168,[NULL],76,13
169,[NULL],75,15
170,[NULL],80,11
171,[NULL],81,10
172,[NULL],69,23
173,[NULL],75,17
174,[NULL],78,14
175,[NULL],79,13
176,[NULL],81,11
177,[NULL],81,11
178,[NULL],82,10
179,[NULL],84,8
180,[NULL],85,7
181,[NULL],80,13
182,[NULL],81,12
183,[NULL],83,10
184,[NULL],63,31
185,[NULL],81,13
186,[NULL],82,12
187,[NULL],83,11
188,[NULL],86,8
189,[NULL],79,16
190,[NULL],82,13
191,[NULL],82,13
192,[NULL],85,10
193,[NULL],91,5
194,[NULL],81,16
195,[NULL],86,11
196,[NULL],90,7
197,[NULL],82,16
198,[NULL],85,13
199,[NULL],86,12
200,[NULL],87,11
201,[NULL],84,15
202,[NULL],87,12
203,[NULL],88,11
204,[NULL],90,9
205,[NULL],91,8
206,[NULL],84,16
207,[NULL],85,15
208,[NULL],85,15
209,[NULL],86,14
210,[NULL],87,13
211,[NULL],89,11
212,[NULL],91,9
213,[NULL],92,8
214,[NULL],69,32
215,[NULL],86,15
216,[NULL],91,10
217,[NULL],92,9
218,[NULL],92,9
219,[NULL],94,8
220,[NULL],95,7
221,[NULL],96,6
222,[NULL],87,16
223,[NULL],90,13
224,[NULL],93,10
225,[NULL],97,6
226,[NULL],73,31
227,[NULL],77,27
228,[NULL],89,15
229,[NULL],91,13
230,[NULL],92,12
231,[NULL],93,11
232,[NULL],97,7
233,[NULL],98,6
234,[NULL],98,7
235,[NULL],99,6
236,[NULL],71,35
237,[NULL],90,16
238,[NULL],93,13
239,[NULL],96,10
240,[NULL],97,9
241,[NULL],98,8
242,[NULL],99,7
243,[NULL],100,6
244,[NULL],101,5
245,[NULL],102,4
246,[NULL],93,14
247,[NULL],95,12
248,[NULL],96,11
249,[NULL],97,10
250,[NULL],97,10
251,[NULL],97,10
252,[NULL],98,9
253,[NULL],100,7
254,[NULL],103,4
255,[NULL],95,13
256,[NULL],98,10
257,[NULL],98,10
258,[NULL],98,10
259,[NULL],91,18
260,[NULL],92,17
261,[NULL],96,13
262,[NULL],97,12
263,[NULL],97,12
264,[NULL],100,9
265,[NULL],100,9
266,[NULL],81,29
267,[NULL],96,14
268,[NULL],97,13
269,[NULL],98,12
270,[NULL],99,11
271,[NULL],100,10
272,[NULL],103,7
273,[NULL],104,6
274,[NULL],102,9
275,[NULL],103,8
276,[NULL],93,19
277,[NULL],94,18
278,[NULL],95,17
279,[NULL],96,16
280,[NULL],97,15
281,[NULL],100,12
282,[NULL],102,10
283,[NULL],104,8
284,[NULL],77,36
285,[NULL],88,25
286,[NULL],97,16
287,[NULL],98,15
288,[NULL],98,15
289,[NULL],99,14
290,[NULL],101,12
291,[NULL],102,11
292,[NULL],102,11
293,[NULL],103,10
294,[NULL],103,10
295,[NULL],104,9
296,[NULL],107,6
297,[NULL],98,16
298,[NULL],99,15
299,[NULL],99,15
300,[NULL],100,14
301,[NULL],103,11
302,[NULL],105,9
303,[NULL],107,7
304,[NULL],108,6
305,[NULL],97,18
306,[NULL],100,15
307,[NULL],101,14
308,[NULL],102,13
309,[NULL],104,11
310,[NULL],106,9
311,[NULL],108,7
312,[NULL],109,6
313,[NULL],85,31
314,[NULL],99,17
315,[NULL],102,14
316,[NULL],103,13
317,[NULL],106,10
318,[NULL],107,9
319,[NULL],108,8
320,[NULL],108,8
321,[NULL],109,7
322,[NULL],110,6
323,[NULL],111,5
324,[NULL],100,17
325,[NULL],108,9
326,[NULL],109,8
327,[NULL],110,7
328,[NULL],111,6
329,[NULL],112,5
330,[NULL],79,39
331,[NULL],96,22
332,[NULL],97,21
333,[NULL],100,18
334,[NULL],104,14
335,[NULL],105,13
336,[NULL],106,12
337,[NULL],108,10
338,[NULL],109,9
339,[NULL],113,5
340,[NULL],106,13
341,[NULL],110,9
342,[NULL],111,8
343,[NULL],112,7
344,[NULL],103,17
345,[NULL],103,17
346,[NULL],104,16
347,[NULL],108,12
348,[NULL],109,11
349,[NULL],99,22
350,[NULL],107,14
351,[NULL],108,13
352,[NULL],109,12
353,[NULL],110,11
354,[NULL],110,11
355,[NULL],111,10
356,[NULL],114,7
357,[NULL],104,18
358,[NULL],107,15
359,[NULL],107,15
360,[NULL],108,14
361,[NULL],109,13
362,[NULL],110,12
363,[NULL],110,12
364,[NULL],111,11
365,[NULL],111,11
366,[NULL],111,11
367,[NULL],113,9
368,[NULL],114,8
369,[NULL],115,7
370,[NULL],105,18
371,[NULL],110,13
372,[NULL],112,11
373,[NULL],117,6
374,[NULL],101,23
375,[NULL],106,18
376,[NULL],111,13
377,[NULL],114,10
378,[NULL],115,9
379,[NULL],115,9
380,[NULL],116,8
381,[NULL],117,7
382,[NULL],118,6
383,[NULL],85,40
384,[NULL],107,18
385,[NULL],110,15
386,[NULL],110,15
387,[NULL],111,14
388,[NULL],111,14
389,[NULL],114,11
390,[NULL],114,11
391,[NULL],115,10
392,[NULL],108,18
393,[NULL],109,17
394,[NULL],109,18
395,[NULL],110,17
396,[NULL],111,16
397,[NULL],111,16
398,[NULL],112,15
399,[NULL],113,14
400,[NULL],114,13
401,[NULL],114,13
402,[NULL],115,12
403,[NULL],115,12
404,[NULL],89,39
405,[NULL],93,35
406,[NULL],109,19
407,[NULL],111,17
408,[NULL],112,16
409,[NULL],113,15
410,[NULL],113,15
411,[NULL],116,12
412,[NULL],116,12
413,[NULL],116,12
414,[NULL],117,11
415,[NULL],113,16
416,[NULL],115,14
417,[NULL],116,13
418,[NULL],116,13
419,[NULL],117,12
420,[NULL],117,12
421,[NULL],119,10
422,[NULL],119,10
423,[NULL],119,10
424,[NULL],120,9
425,[NULL],120,9
426,[NULL],121,8
427,[NULL],122,7
428,[NULL],87,43
429,[NULL],111,19
430,[NULL],112,18
431,[NULL],112,18
432,[NULL],114,16
433,[NULL],115,15
434,[NULL],118,12
435,[NULL],120,10
436,[NULL],120,10
437,[NULL],113,18
438,[NULL],117,14
439,[NULL],119,12
440,[NULL],120,11
441,[NULL],121,10
442,[NULL],122,9
443,[NULL],124,7
444,[NULL],127,4
445,[NULL],113,19
446,[NULL],116,16
447,[NULL],118,14
448,[NULL],121,11
449,[NULL],122,10
450,[NULL],122,10
451,[NULL],123,9
452,[NULL],125,7
453,[NULL],125,7
454,[NULL],125,7
455,[NULL],126,6
456,[NULL],127,5
457,[NULL],128,4
458,[NULL],115,18
459,[NULL],116,17
460,[NULL],118,15
461,[NULL],118,15
462,[NULL],119,14
463,[NULL],122,11
464,[NULL],123,10
465,[NULL],123,10
466,[NULL],124,9
467,[NULL],125,8
468,[NULL],126,7
469,[NULL],127,6
470,[NULL],115,19
471,[NULL],116,18
472,[NULL],116,18
473,[NULL],117,17
474,[NULL],117,17
475,[NULL],117,17
476,[NULL],118,16
477,[NULL],118,16
478,[NULL],120,14
479,[NULL],121,13
480,[NULL],121,13
481,[NULL],121,13
482,[NULL],122,12
483,[NULL],122,12
484,[NULL],125,9
485,[NULL],125,9
486,[NULL],126,8
487,[NULL],126,8
488,[NULL],126,8
489,[NULL],117,18
490,[NULL],121,14
491,[NULL],122,13
492,[NULL],122,13
493,[NULL],123,12
494,[NULL],126,9
495,[NULL],129,6
496,[NULL],129,6
497,[NULL],130,5
498,[NULL],130,5
499,[NULL],109,27
500,[NULL],116,20
501,[NULL],117,19
502,[NULL],121,15
503,[NULL],122,14
504,[NULL],122,14
505,[NULL],123,13
506,[NULL],123,13
507,[NULL],124,12
508,[NULL],124,12
509,[NULL],125,11
510,[NULL],125,11
511,[NULL],126,10
512,[NULL],126,10
513,[NULL],127,9
514,[NULL],127,9
515,[NULL],127,9
516,[NULL],128,8
517,[NULL],128,8
518,[NULL],128,8
519,[NULL],129,7
520,[NULL],129,7
521,[NULL],129,7
522,[NULL],130,6
523,[NULL],130,6
524,[NULL],131,5
525,[NULL],131,5
526,[NULL],93,44
527,[NULL],104,33
528,[NULL],115,22
529,[NULL],117,20
530,[NULL],118,19
531,[NULL],121,16
532,[NULL],125,12
533,[NULL],125,12
534,[NULL],126,11
535,[NULL],126,11
536,[NULL],126,11
537,[NULL],127,10
538,[NULL],128,9
539,[NULL],129,8
540,[NULL],129,8
541,[NULL],130,7
542,[NULL],131,6
543,[NULL],131,6
544,[NULL],132,5
545,[NULL],118,20
546,[NULL],119,19
547,[NULL],122,16
548,[NULL],123,15
549,[NULL],124,14
550,[NULL],125,13
551,[NULL],127,11
552,[NULL],127,11
553,[NULL],128,10
554,[NULL],128,10
555,[NULL],130,8
556,[NULL],131,7
557,[NULL],133,5
558,[NULL],133,5
559,[NULL],122,17
560,[NULL],124,15
561,[NULL],124,15
562,[NULL],126,13
563,[NULL],127,12
564,[NULL],128,11
565,[NULL],128,11
566,[NULL],129,10
567,[NULL],130,9
568,[NULL],130,9
569,[NULL],131,8
570,[NULL],131,8
571,[NULL],131,8
572,[NULL],131,8
573,[NULL],132,7
574,[NULL],101,39
575,[NULL],124,16
576,[NULL],126,14
577,[NULL],130,10
578,[NULL],130,10
579,[NULL],131,9
580,[NULL],131,9
581,[NULL],131,9
582,[NULL],133,7
583,[NULL],123,18
584,[NULL],124,17
585,[NULL],127,14
586,[NULL],127,14
587,[NULL],127,14
588,[NULL],127,14
589,[NULL],127,14
590,[NULL],128,13
591,[NULL],128,13
592,[NULL],130,11
593,[NULL],131,10
594,[NULL],131,10
595,[NULL],131,10
596,[NULL],132,9
597,[NULL],132,9
598,[NULL],133,8
599,[NULL],95,47
600,[NULL],122,20
601,[NULL],125,17
602,[NULL],125,17
603,[NULL],126,16
604,[NULL],126,16
605,[NULL],127,15
606,[NULL],127,15
607,[NULL],128,14
608,[NULL],129,13
609,[NULL],129,13
610,[NULL],129,13
611,[NULL],129,13
612,[NULL],130,12
613,[NULL],131,11
614,[NULL],132,10
615,[NULL],134,8
616,[NULL],134,8
617,[NULL],135,7
618,[NULL],135,7
619,[NULL],137,5
620,[NULL],122,21
621,[NULL],126,17
622,[NULL],127,16
623,[NULL],128,15
624,[NULL],128,15
625,[NULL],130,13
626,[NULL],131,12
627,[NULL],132,11
628,[NULL],132,11
629,[NULL],132,11
630,[NULL],133,10
631,[NULL],133,10
632,[NULL],134,9
633,[NULL],134,9
634,[NULL],135,8
635,[NULL],135,8
636,[NULL],135,8
637,[NULL],135,8
638,[NULL],136,7
639,[NULL],127,17
640,[NULL],127,17
641,[NULL],128,16
642,[NULL],129,15
643,[NULL],130,14
644,[NULL],130,14
645,[NULL],131,13
646,[NULL],132,12
647,[NULL],132,12
648,[NULL],132,12
649,[NULL],133,11
650,[NULL],135,9
651,[NULL],136,8
652,[NULL],137,7
653,[NULL],124,21
654,[NULL],126,19
655,[NULL],131,14
656,[NULL],132,13
657,[NULL],133,12
658,[NULL],133,12
659,[NULL],135,10
660,[NULL],137,8
661,[NULL],138,7
662,[NULL],120,26
663,[NULL],123,23
664,[NULL],132,14
665,[NULL],132,14
666,[NULL],132,14
667,[NULL],133,13
668,[NULL],134,12
669,[NULL],136,10
670,[NULL],137,9
671,[NULL],138,8
672,[NULL],138,8
673,[NULL],139,7
674,[NULL],139,7
675,[NULL],128,19
676,[NULL],129,18
677,[NULL],131,16
678,[NULL],132,15
679,[NULL],133,14
680,[NULL],136,11
681,[NULL],137,10
682,[NULL],138,9
683,[NULL],139,8
684,[NULL],140,7
685,[NULL],117,31
686,[NULL],126,22
687,[NULL],127,21
688,[NULL],129,19
689,[NULL],129,19
690,[NULL],130,18
691,[NULL],131,17
692,[NULL],132,16
693,[NULL],132,16
694,[NULL],132,16
695,[NULL],133,15
696,[NULL],133,15
697,[NULL],133,15
698,[NULL],134,14
699,[NULL],134,14
700,[NULL],137,11
701,[NULL],138,10
702,[NULL],138,10
703,[NULL],139,9
704,[NULL],143,5
705,[NULL],101,48
706,[NULL],123,26
707,[NULL],128,21
708,[NULL],128,21
709,[NULL],129,20
710,[NULL],131,18
711,[NULL],134,15
712,[NULL],136,13
713,[NULL],136,13
714,[NULL],137,12
715,[NULL],137,12
716,[NULL],140,9
717,[NULL],129,21
718,[NULL],130,20
719,[NULL],131,19
720,[NULL],132,18
721,[NULL],134,16
722,[NULL],135,15
723,[NULL],137,13
724,[NULL],137,13
725,[NULL],137,13
726,[NULL],138,12
727,[NULL],138,12
728,[NULL],138,12
729,[NULL],138,12
730,[NULL],139,11
731,[NULL],139,11
732,[NULL],139,11
733,[NULL],143,7
734,[NULL],143,7
735,[NULL],143,7
736,[NULL],145,5
737,[NULL],146,4
738,[NULL],130,21
739,[NULL],130,21
740,[NULL],133,18
741,[NULL],136,15
742,[NULL],137,14
743,[NULL],138,13
744,[NULL],142,9
745,[NULL],144,7
746,[NULL],144,7
747,[NULL],147,4
748,[NULL],105,47
749,[NULL],109,43
750,[NULL],138,14
751,[NULL],139,13
752,[NULL],139,13
753,[NULL],140,12
754,[NULL],141,11
755,[NULL],141,11
756,[NULL],142,10
757,[NULL],143,9
758,[NULL],143,9
759,[NULL],144,8
760,[NULL],144,8
761,[NULL],145,7
762,[NULL],134,19
763,[NULL],135,18
764,[NULL],136,17
765,[NULL],138,15
766,[NULL],138,15
767,[NULL],138,15
768,[NULL],138,15
769,[NULL],141,12
770,[NULL],142,11
771,[NULL],142,11
772,[NULL],143,10
773,[NULL],144,9
774,[NULL],146,7
775,[NULL],103,51
776,[NULL],130,24
777,[NULL],133,21
778,[NULL],134,20
779,[NULL],134,20
780,[NULL],135,19
781,[NULL],136,18
782,[NULL],137,17
783,[NULL],139,15
784,[NULL],141,13
785,[NULL],143,11
786,[NULL],144,10
787,[NULL],145,9
788,[NULL],145,9
789,[NULL],148,6
790,[NULL],132,23
791,[NULL],135,20
792,[NULL],136,19
793,[NULL],138,17
794,[NULL],138,17
795,[NULL],138,17
796,[NULL],139,16
797,[NULL],143,12
798,[NULL],144,11
799,[NULL],144,11
800,[NULL],145,10
801,[NULL],147,8
802,[NULL],148,7
803,[NULL],149,6
804,[NULL],134,22
805,[NULL],135,21
806,[NULL],137,19
807,[NULL],139,17
808,[NULL],140,16
809,[NULL],140,16
810,[NULL],141,15
811,[NULL],142,14
812,[NULL],142,14
813,[NULL],143,13
814,[NULL],143,13
815,[NULL],143,13
816,[NULL],143,13
817,[NULL],146,10
818,[NULL],146,10
819,[NULL],147,9
820,[NULL],147,9
821,[NULL],132,25
822,[NULL],132,25
823,[NULL],134,23
824,[NULL],134,23
825,[NULL],139,18
826,[NULL],140,17
827,[NULL],140,17
828,[NULL],141,16
829,[NULL],144,13
830,[NULL],144,13
831,[NULL],144,13
832,[NULL],145,12
833,[NULL],113,45
834,[NULL],131,27
835,[NULL],139,19
836,[NULL],140,18
837,[NULL],142,16
838,[NULL],142,16
839,[NULL],142,16
840,[NULL],144,14
841,[NULL],146,12
842,[NULL],147,11
843,[NULL],147,11
844,[NULL],147,11
845,[NULL],148,10
846,[NULL],148,10
847,[NULL],150,8
848,[NULL],151,7
849,[NULL],138,21
850,[NULL],141,18
851,[NULL],144,15
852,[NULL],145,14
853,[NULL],145,14
854,[NULL],147,12
855,[NULL],147,12
856,[NULL],148,11
857,[NULL],148,11
858,[NULL],149,10
859,[NULL],152,7
860,[NULL],125,35
861,[NULL],135,25
862,[NULL],137,23
863,[NULL],139,21
864,[NULL],140,20
865,[NULL],145,15
866,[NULL],146,14
867,[NULL],150,10
868,[NULL],153,7
869,[NULL],109,52
870,[NULL],120,41
871,[NULL],131,30
872,[NULL],140,21
873,[NULL],141,20
874,[NULL],143,18
875,[NULL],146,15
876,[NULL],147,14
877,[NULL],147,14
878,[NULL],151,10
879,[NULL],152,9
880,[NULL],154,7
881,[NULL],139,23
882,[NULL],141,21
883,[NULL],141,21
884,[NULL],144,18
885,[NULL],145,17
886,[NULL],146,16
887,[NULL],146,16
888,[NULL],148,14
889,[NULL],149,13
890,[NULL],149,13
891,[NULL],149,13
892,[NULL],149,13
893,[NULL],154,8
894,[NULL],155,7
895,[NULL],156,6
896,[NULL],143,20
897,[NULL],144,19
898,[NULL],145,18
899,[NULL],145,18
900,[NULL],145,18
901,[NULL],145,18
902,[NULL],146,17
903,[NULL],146,17
904,[NULL],147,16
905,[NULL],149,14
906,[NULL],149,14
907,[NULL],152,11
908,[NULL],153,10
909,[NULL],153,10
910,[NULL],154,9
911,[NULL],157,6
912,[NULL],117,47
913,[NULL],143,21
914,[NULL],144,20
915,[NULL],145,19
916,[NULL],146,18
917,[NULL],146,18
918,[NULL],146,18
919,[NULL],147,17
920,[NULL],148,16
921,[NULL],150,14
922,[NULL],150,14
923,[NULL],150,14
924,[NULL],150,14
925,[NULL],151,13
926,[NULL],151,13
927,[NULL],152,12
928,[NULL],152,12
929,[NULL],152,12
930,[NULL],154,10
931,[NULL],155,9
932,[NULL],144,21
933,[NULL],145,20
934,[NULL],145,20
935,[NULL],145,20
936,[NULL],148,17
937,[NULL],149,16
938,[NULL],150,15
939,[NULL],150,15
940,[NULL],151,14
941,[NULL],152,13
942,[NULL],153,12
943,[NULL],154,11
944,[NULL],155,10
945,[NULL],157,8
946,[NULL],159,6
947,[NULL],111,55
948,[NULL],128,38
949,[NULL],138,28
950,[NULL],142,24
951,[NULL],144,22
952,[NULL],145,21
953,[NULL],146,20
954,[NULL],147,19
955,[NULL],148,18
956,[NULL],148,18
957,[NULL],149,17
958,[NULL],151,15
959,[NULL],151,15
960,[NULL],153,13
961,[NULL],154,12
962,[NULL],155,11
963,[NULL],155,11
964,[NULL],155,11
965,[NULL],156,10
966,[NULL],156,10
967,[NULL],156,10
968,[NULL],157,9
969,[NULL],157,9
970,[NULL],157,9
971,[NULL],158,8
972,[NULL],159,7
973,[NULL],160,6
974,[NULL],146,21
975,[NULL],147,20
976,[NULL],147,20
977,[NULL],148,19
978,[NULL],150,17
979,[NULL],151,16
980,[NULL],152,15
981,[NULL],153,14
982,[NULL],153,14
983,[NULL],154,13
984,[NULL],154,13
985,[NULL],156,11
986,[NULL],157,10
987,[NULL],158,9
988,[NULL],159,8
989,[NULL],144,24
990,[NULL],145,23
991,[NULL],148,20
992,[NULL],148,20
993,[NULL],152,16
994,[NULL],152,16
995,[NULL],154,14
996,[NULL],156,12
997,[NULL],156,12
998,[NULL],157,11
999,[NULL],157,11
1000,[NULL],157,11
1001,[NULL],158,10
1002,[NULL],160,8
1003,[NULL],140,29
1004,[NULL],145,24
1005,[NULL],146,23
1006,[NULL],147,22
1007,[NULL],149,20
1008,[NULL],150,19
1009,[NULL],150,19
1010,[NULL],151,18
1011,[NULL],151,18
1012,[NULL],151,18
1013,[NULL],151,18
1014,[NULL],152,17
1015,[NULL],154,15
1016,[NULL],155,14
1017,[NULL],155,14
1018,[NULL],155,14
1019,[NULL],156,13
1020,[NULL],156,13
1021,[NULL],157,12
1022,[NULL],136,34
1023,[NULL],139,31
1024,[NULL],146,24
1025,[NULL],147,23
1026,[NULL],148,22
1027,[NULL],150,20
1028,[NULL],150,20
1029,[NULL],151,19
1030,[NULL],152,18
1031,[NULL],153,17
1032,[NULL],153,17
1033,[NULL],155,15
1034,[NULL],155,15
1035,[NULL],156,14
1036,[NULL],158,12
1037,[NULL],159,11
1038,[NULL],160,10
1039,[NULL],160,10
1040,[NULL],161,9
1041,[NULL],161,9
1042,[NULL],163,7
1043,[NULL],145,26
1044,[NULL],148,23
1045,[NULL],149,22
1046,[NULL],150,21
1047,[NULL],152,19
1048,[NULL],156,15
1049,[NULL],156,15
1050,[NULL],156,15
1051,[NULL],157,14
1052,[NULL],158,13
1053,[NULL],159,12
1054,[NULL],159,12
1055,[NULL],160,11
1056,[NULL],160,11
1057,[NULL],160,11
1058,[NULL],160,11
1059,[NULL],161,10
1060,[NULL],161,10
1061,[NULL],161,10
1062,[NULL],162,9
1063,[NULL],163,8
1064,[NULL],133,39
1065,[NULL],147,25
1066,[NULL],150,22
1067,[NULL],151,21
1068,[NULL],153,19
1069,[NULL],153,19
1070,[NULL],154,18
1071,[NULL],154,18
1072,[NULL],155,17
1073,[NULL],156,16
1074,[NULL],156,16
1075,[NULL],156,16
1076,[NULL],156,16
1077,[NULL],157,15
1078,[NULL],158,14
1079,[NULL],158,14
1080,[NULL],159,13
1081,[NULL],159,13
1082,[NULL],160,12
1083,[NULL],160,12
1084,[NULL],160,12
1085,[NULL],161,11
1086,[NULL],161,11
1087,[NULL],162,10
1088,[NULL],162,10
1089,[NULL],163,9
1090,[NULL],163,9
1091,[NULL],163,9
1092,[NULL],163,9
1093,[NULL],165,7
1094,[NULL],117,56
1095,[NULL],139,34
1096,[NULL],148,25
1097,[NULL],152,21
1098,[NULL],154,19
1099,[NULL],156,17
1100,[NULL],157,16
1101,[NULL],157,16
1102,[NULL],158,15
1103,[NULL],159,14
1104,[NULL],159,14
1105,[NULL],159,14
1106,[NULL],160,13
1107,[NULL],160,13
1108,[NULL],161,12
1109,[NULL],161,12
1110,[NULL],162,11
1111,[NULL],162,11
1112,[NULL],162,11
1113,[NULL],163,10
1114,[NULL],163,10
1115,[NULL],163,10
1116,[NULL],164,9
1117,[NULL],164,9
1118,[NULL],164,9
1119,[NULL],165,8
1120,[NULL],165,8
1121,[NULL],147,27
1122,[NULL],148,26
1123,[NULL],152,22
1124,[NULL],153,21
1125,[NULL],161,13
1126,[NULL],161,13
1127,[NULL],161,13
1128,[NULL],162,12
1129,[NULL],162,12
1130,[NULL],163,11
1131,[NULL],164,10
1132,[NULL],164,10
1133,[NULL],164,10
1134,[NULL],165,9
1135,[NULL],166,8
1136,[NULL],166,8
1137,[NULL],143,32
1138,[NULL],144,31
1139,[NULL],154,21
1140,[NULL],155,20
1141,[NULL],156,19
1142,[NULL],158,17
1143,[NULL],159,16
1144,[NULL],160,15
1145,[NULL],161,14
1146,[NULL],162,13
1147,[NULL],162,13
1148,[NULL],163,12
1149,[NULL],163,12
1150,[NULL],165,10
1151,[NULL],165,10
1152,[NULL],167,8
1153,[NULL],121,55
1154,[NULL],125,51
1155,[NULL],151,25
1156,[NULL],151,25
1157,[NULL],152,24
1158,[NULL],152,24
1159,[NULL],152,24
1160,[NULL],156,20
1161,[NULL],157,19
1162,[NULL],157,19
1163,[NULL],158,18
1164,[NULL],160,16
1165,[NULL],161,15
1166,[NULL],161,15
1167,[NULL],162,14
1168,[NULL],162,14
1169,[NULL],163,13
1170,[NULL],163,13
1171,[NULL],163,13
1172,[NULL],164,12
1173,[NULL],164,12
1174,[NULL],166,10
1175,[NULL],168,8
1176,[NULL],170,6
1177,[NULL],150,27
1178,[NULL],155,22
1179,[NULL],158,19
1180,[NULL],158,19
1181,[NULL],159,18
1182,[NULL],160,17
1183,[NULL],162,15
1184,[NULL],163,14
1185,[NULL],164,13
1186,[NULL],165,12
1187,[NULL],166,11
1188,[NULL],167,10
1189,[NULL],168,9
1190,[NULL],119,59
1191,[NULL],146,32
1192,[NULL],155,23
1193,[NULL],155,23
1194,[NULL],157,21
1195,[NULL],158,20
1196,[NULL],158,20
1197,[NULL],159,19
1198,[NULL],159,19
1199,[NULL],159,19
1200,[NULL],160,18
1201,[NULL],161,17
1202,[NULL],161,17
1203,[NULL],161,17
1204,[NULL],162,16
1205,[NULL],162,16
1206,[NULL],162,16
1207,[NULL],163,15
1208,[NULL],163,15
1209,[NULL],163,15
1210,[NULL],163,15
1211,[NULL],164,14
1212,[NULL],165,13
1213,[NULL],166,12
1214,[NULL],166,12
1215,[NULL],166,12
1216,[NULL],166,12
1217,[NULL],166,12
1218,[NULL],167,11
1219,[NULL],168,10
1220,[NULL],168,10
1221,[NULL],169,9
1222,[NULL],170,8
1223,[NULL],172,6
1224,[NULL],173,5
1225,[NULL],153,26
1226,[NULL],154,25
1227,[NULL],158,21
1228,[NULL],160,19
1229,[NULL],162,17
1230,[NULL],164,15
1231,[NULL],164,15
1232,[NULL],165,14
1233,[NULL],166,13
1234,[NULL],166,13
1235,[NULL],166,13
1236,[NULL],167,12
1237,[NULL],167,12
1238,[NULL],169,10
1239,[NULL],171,8
1240,[NULL],174,5
1241,[NULL],150,30
1242,[NULL],151,29
1243,[NULL],152,28
1244,[NULL],153,27
1245,[NULL],159,21
1246,[NULL],162,18
1247,[NULL],162,18
1248,[NULL],163,17
1249,[NULL],163,17
1250,[NULL],164,16
1251,[NULL],165,15
1252,[NULL],166,14
1253,[NULL],166,14
1254,[NULL],167,13
1255,[NULL],167,13
1256,[NULL],168,12
1257,[NULL],168,12
1258,[NULL],169,11
1259,[NULL],169,11
1260,[NULL],148,33
1261,[NULL],155,26
1262,[NULL],156,25
1263,[NULL],158,23
1264,[NULL],158,23
1265,[NULL],158,23
1266,[NULL],159,22
1267,[NULL],162,19
1268,[NULL],162,19
1269,[NULL],162,19
1270,[NULL],163,18
1271,[NULL],163,18
1272,[NULL],163,18
1273,[NULL],166,15
1274,[NULL],166,15
1275,[NULL],167,14
1276,[NULL],168,13
1277,[NULL],170,11
1278,[NULL],171,10
1279,[NULL],173,8
1280,[NULL],147,35
1281,[NULL],156,26
1282,[NULL],157,25
1283,[NULL],159,23
1284,[NULL],161,21
1285,[NULL],163,19
1286,[NULL],165,17
1287,[NULL],165,17
1288,[NULL],168,14
1289,[NULL],169,13
1290,[NULL],169,13
1291,[NULL],170,12
1292,[NULL],171,11
1293,[NULL],172,10
1294,[NULL],172,10
1295,[NULL],153,30
1296,[NULL],159,24
1297,[NULL],160,23
1298,[NULL],163,20
1299,[NULL],163,20
1300,[NULL],166,17
1301,[NULL],167,16
1302,[NULL],170,13
1303,[NULL],171,12
1304,[NULL],171,12
1305,[NULL],172,11
1306,[NULL],172,11
1307,[NULL],172,11
1308,[NULL],173,10
1309,[NULL],173,10
1310,[NULL],176,7
1311,[NULL],141,43
1312,[NULL],157,27
1313,[NULL],159,25
1314,[NULL],160,24
1315,[NULL],161,23
1316,[NULL],161,23
1317,[NULL],161,23
1318,[NULL],164,20
1319,[NULL],164,20
1320,[NULL],165,19
1321,[NULL],166,18
1322,[NULL],167,17
1323,[NULL],167,17
1324,[NULL],168,16
1325,[NULL],168,16
1326,[NULL],168,16
1327,[NULL],169,15
1328,[NULL],169,15
1329,[NULL],170,14
1330,[NULL],172,12
1331,[NULL],174,10
1332,[NULL],174,10
1333,[NULL],174,10
1334,[NULL],175,9
1335,[NULL],177,7
1336,[NULL],178,6
1337,[NULL],125,60
1338,[NULL],136,49
1339,[NULL],147,38
1340,[NULL],158,27
1341,[NULL],158,27
1342,[NULL],161,24
1343,[NULL],162,23
1344,[NULL],163,22
1345,[NULL],163,22
1346,[NULL],164,21
1347,[NULL],164,21
1348,[NULL],165,20
1349,[NULL],165,20
1350,[NULL],167,18
1351,[NULL],168,17
1352,[NULL],168,17
1353,[NULL],168,17
1354,[NULL],169,16
1355,[NULL],169,16
1356,[NULL],169,16
1357,[NULL],169,16
1358,[NULL],170,15
1359,[NULL],171,14
1360,[NULL],172,13
1361,[NULL],172,13
1362,[NULL],173,12
1363,[NULL],173,12
1364,[NULL],174,11
1365,[NULL],174,11
1366,[NULL],175,10
1367,[NULL],176,9
1368,[NULL],178,7
1369,[NULL],179,6
1370,[NULL],155,31
1371,[NULL],155,31
1372,[NULL],157,29
1373,[NULL],158,28
1374,[NULL],159,27
1375,[NULL],166,20
1376,[NULL],167,19
1377,[NULL],168,18
1378,[NULL],168,18
1379,[NULL],168,18
1380,[NULL],169,17
1381,[NULL],174,12
1382,[NULL],174,12
1383,[NULL],176,10
1384,[NULL],176,10
1385,[NULL],177,9
1386,[NULL],180,6
1387,[NULL],160,27
1388,[NULL],161,26
1389,[NULL],165,22
1390,[NULL],166,21
1391,[NULL],167,20
1392,[NULL],168,19
1393,[NULL],169,18
1394,[NULL],169,18
1395,[NULL],170,17
1396,[NULL],171,16
1397,[NULL],173,14
1398,[NULL],173,14
1399,[NULL],173,14
1400,[NULL],173,14
1401,[NULL],174,13
1402,[NULL],174,13
1403,[NULL],174,13
1404,[NULL],174,13
1405,[NULL],175,12
1406,[NULL],175,12
1407,[NULL],175,12
1408,[NULL],178,9
1409,[NULL],133,55
1410,[NULL],161,27
1411,[NULL],162,26
1412,[NULL],164,24
1413,[NULL],166,22
1414,[NULL],169,19
1415,[NULL],171,17
1416,[NULL],172,16
1417,[NULL],173,15
1418,[NULL],173,15
1419,[NULL],173,15
1420,[NULL],174,14
1421,[NULL],174,14
1422,[NULL],174,14
1423,[NULL],176,12
1424,[NULL],177,11
1425,[NULL],177,11
1426,[NULL],158,31
1427,[NULL],170,19
1428,[NULL],171,18
1429,[NULL],171,18
1430,[NULL],172,17
1431,[NULL],173,16
1432,[NULL],174,15
1433,[NULL],174,15
1434,[NULL],174,15
1435,[NULL],175,14
1436,[NULL],175,14
1437,[NULL],175,14
1438,[NULL],175,14
1439,[NULL],176,13
1440,[NULL],178,11
1441,[NULL],127,63
1442,[NULL],154,36
1443,[NULL],163,27
1444,[NULL],164,26
1445,[NULL],164,26
1446,[NULL],165,25
1447,[NULL],165,25
1448,[NULL],165,25
1449,[NULL],165,25
1450,[NULL],166,24
1451,[NULL],166,24
1452,[NULL],168,22
1453,[NULL],169,21
1454,[NULL],169,21
1455,[NULL],169,21
1456,[NULL],169,21
1457,[NULL],170,20
1458,[NULL],170,20
1459,[NULL],173,17
1460,[NULL],173,17
1461,[NULL],174,16
1462,[NULL],174,16
1463,[NULL],176,14
1464,[NULL],177,13
1465,[NULL],178,12
1466,[NULL],179,11
1467,[NULL],183,7
1468,[NULL],162,29
1469,[NULL],165,26
1470,[NULL],169,22
1471,[NULL],169,22
1472,[NULL],170,21
1473,[NULL],170,21
1474,[NULL],171,20
1475,[NULL],173,18
1476,[NULL],174,17
1477,[NULL],175,16
1478,[NULL],176,15
1479,[NULL],177,14
1480,[NULL],178,13
1481,[NULL],180,11
1482,[NULL],181,10
1483,[NULL],184,7
1484,[NULL],163,29
1485,[NULL],164,28
1486,[NULL],165,27
1487,[NULL],170,22
1488,[NULL],170,22
1489,[NULL],171,21
1490,[NULL],171,21
1491,[NULL],172,20
1492,[NULL],173,19
1493,[NULL],173,19
1494,[NULL],174,18
1495,[NULL],174,18
1496,[NULL],174,18
1497,[NULL],174,18
1498,[NULL],175,17
1499,[NULL],175,17
1500,[NULL],175,17
1501,[NULL],175,17
1502,[NULL],176,16
1503,[NULL],176,16
1504,[NULL],176,16
1505,[NULL],177,15
1506,[NULL],177,15
1507,[NULL],177,15
1508,[NULL],178,14
1509,[NULL],178,14
1510,[NULL],178,14
1511,[NULL],179,13
1512,[NULL],179,13
1513,[NULL],179,13
1514,[NULL],179,13
1515,[NULL],180,12
1516,[NULL],180,12
1517,[NULL],182,10
1518,[NULL],182,10
1519,[NULL],156,37
1520,[NULL],165,28
1521,[NULL],166,27
1522,[NULL],167,26
1523,[NULL],169,24
1524,[NULL],171,22
1525,[NULL],173,20
1526,[NULL],173,20
1527,[NULL],174,19
1528,[NULL],174,19
1529,[NULL],174,19
1530,[NULL],174,19
1531,[NULL],175,18
1532,[NULL],176,17
1533,[NULL],176,17
1534,[NULL],177,16
1535,[NULL],177,16
1536,[NULL],180,13
1537,[NULL],152,42
1538,[NULL],155,39
1539,[NULL],166,28
1540,[NULL],167,27
1541,[NULL],170,24
1542,[NULL],171,23
1543,[NULL],172,22
1544,[NULL],173,21
1545,[NULL],175,19
1546,[NULL],175,19
1547,[NULL],175,19
1548,[NULL],176,18
1549,[NULL],176,18
1550,[NULL],178,16
1551,[NULL],178,16
1552,[NULL],179,15
1553,[NULL],179,15
1554,[NULL],179,15
1555,[NULL],180,14
1556,[NULL],180,14
1557,[NULL],180,14
1558,[NULL],181,13
1559,[NULL],181,13
1560,[NULL],161,34
1561,[NULL],170,25
1562,[NULL],171,24
1563,[NULL],172,23
1564,[NULL],174,21
1565,[NULL],175,20
1566,[NULL],176,19
1567,[NULL],176,19
1568,[NULL],177,18
1569,[NULL],177,18
1570,[NULL],178,17
1571,[NULL],178,17
1572,[NULL],178,17
1573,[NULL],178,17
1574,[NULL],179,16
1575,[NULL],179,16
1576,[NULL],179,16
1577,[NULL],179,16
1578,[NULL],180,15
1579,[NULL],180,15
1580,[NULL],180,15
1581,[NULL],181,14
1582,[NULL],182,13
1583,[NULL],182,13
1584,[NULL],183,12
1585,[NULL],184,11
1586,[NULL],149,47
1587,[NULL],171,25
1588,[NULL],172,24
1589,[NULL],174,22
1590,[NULL],178,18
1591,[NULL],179,17
1592,[NULL],179,17
1593,[NULL],180,16
1594,[NULL],180,16
1595,[NULL],180,16
1596,[NULL],181,15
1597,[NULL],181,15
1598,[NULL],182,14
1599,[NULL],182,14
1600,[NULL],183,13
1601,[NULL],183,13
1602,[NULL],186,10
1603,[NULL],187,9
1604,[NULL],133,64
1605,[NULL],155,42
1606,[NULL],171,26
1607,[NULL],172,25
1608,[NULL],175,22
1609,[NULL],175,22
1610,[NULL],175,22
1611,[NULL],175,22
1612,[NULL],176,21
1613,[NULL],176,21
1614,[NULL],178,19
1615,[NULL],178,19
1616,[NULL],179,18
1617,[NULL],180,17
1618,[NULL],182,15
1619,[NULL],183,14
1620,[NULL],183,14
1621,[NULL],183,14
1622,[NULL],184,13
1623,[NULL],184,13
1624,[NULL],185,12
1625,[NULL],163,35
1626,[NULL],169,29
1627,[NULL],173,25
1628,[NULL],173,25
1629,[NULL],174,24
1630,[NULL],174,24
1631,[NULL],175,23
1632,[NULL],175,23
1633,[NULL],176,22
1634,[NULL],177,21
1635,[NULL],177,21
1636,[NULL],177,21
1637,[NULL],177,21
1638,[NULL],178,20
1639,[NULL],179,19
1640,[NULL],179,19
1641,[NULL],180,18
1642,[NULL],181,17
1643,[NULL],182,16
1644,[NULL],184,14
1645,[NULL],185,13
1646,[NULL],185,13
1647,[NULL],186,12
1648,[NULL],187,11
1649,[NULL],170,29
1650,[NULL],174,25
1651,[NULL],175,24
1652,[NULL],176,23
1653,[NULL],176,23
1654,[NULL],177,22
1655,[NULL],178,21
1656,[NULL],179,20
1657,[NULL],180,19
1658,[NULL],180,19
1659,[NULL],180,19
1660,[NULL],181,18
1661,[NULL],181,18
1662,[NULL],182,17
1663,[NULL],183,16
1664,[NULL],184,15
1665,[NULL],184,15
1666,[NULL],184,15
1667,[NULL],184,15
1668,[NULL],185,14
1669,[NULL],185,14
1670,[NULL],185,14
1671,[NULL],185,14
1672,[NULL],185,14
1673,[NULL],185,14
1674,[NULL],186,13
1675,[NULL],186,13
1676,[NULL],186,13
1677,[NULL],187,12
1678,[NULL],187,12
1679,[NULL],188,11
1680,[NULL],188,11
1681,[NULL],189,10
1682,[NULL],191,8
1683,[NULL],191,8
1684,[NULL],137,63
1685,[NULL],141,59
1686,[NULL],175,25
1687,[NULL],175,25
1688,[NULL],176,24
1689,[NULL],177,23
1690,[NULL],178,22
1691,[NULL],178,22
1692,[NULL],178,22
1693,[NULL],179,21
1694,[NULL],180,20
1695,[NULL],180,20
1696,[NULL],180,20
1697,[NULL],180,20
1698,[NULL],181,19
1699,[NULL],182,18
1700,[NULL],182,18
1701,[NULL],184,16
1702,[NULL],185,15
1703,[NULL],185,15
1704,[NULL],186,14
1705,[NULL],187,13
1706,[NULL],188,12
1707,[NULL],189,11
1708,[NULL],190,10
1709,[NULL],190,10
1710,[NULL],192,8
