id,map
0,""
1,1
2,2
3,"2,2,0"
4,3
5,"0,3,3,1,0"
6,4
7,"0,1,3,2,0"
8,6
9,7
10,"0,2,8,1,0"
11,8
12,"11,1,0"
13,"0,7,7,1,0"
14,9
15,10
16,"11;0,1,13,1,0"
17,"13;2,1,13,1,0"
18,14
19,"0,2,16,1,0"
20,15
21,"0,5,17,1,0"
22,"0,3,7,2,0"
23,"24,1,0"
24,"25,1,0"
25,17
26,"18;0,1,8,2,0"
27,19
28,20
29,22
30,"23;32,1,0"
31,"2,1,20;33,1,0"
32,"24;34,1,0"
33,"35,1,0"
34,25
35,"0,2,31,1,0"
36,"9,1,13,1,0;0,3,34,1,0"
37,26
38,"0,15,18,1,0"
39,"42,1,0"
40,"13,2,0"
41,27
42,28
43,"29;0,1,8,1,16,1,0"
44,"0,2,43,1,0"
45,"46,1,0"
46,"32;1,1,8,1,18,1,0"
47,"33;2,1,43,1,0"
48,"3,1,38,1,0"
49,"35;8,1,22,1,0"
50,"8,1,23,1,0"
51,"51,1,0"
52,"52,1,0"
53,36
54,"0,2,9,1,18,1,0"
55,"37;0,1,10,1,18,1,0"
56,38
57,"0,2,49,1,0"
58,41
59,42
60,"8,2,9,1,0"
61,"8,1,29,1,0"
62,"9,1,23,1,0"
63,43
64,"57,1,0"
65,44
66,45
67,"0,5,50,1,0"
68,"18,1,12"
69,49
70,"2,1,53,1,0"
71,"50;2,1,11,1,18,1,1"
72,"60,1,0;59,1,0"
73,"8,2,13,1,0"
74,"13,1,23,1,0"
75,51
76,"52;0,1,8,1,31,1,0"
77,53
78,57
79,"63,1,0"
80,"70,1,0"
81,"63;8,2,17,1,0"
82,"16,1,23,1,0"
83,"64;72,1,0"
84,"76,1,0"
85,65
86,"0,2,71,1,0"
87,69
88,70
89,"71;0,1,73,1,0"
90,"0,1,75,1,0;0,1,74,1,0"
91,"8,2,19,1,0;0,6,64,1,0"
92,"8,2,20,1,0;0,5,66,1,0"
93,"8,1,45,1,0"
94,73
95,74
96,"83,1,0;82,1,0"
97,"83,1,0;0,6,18,2,0"
98,"75;84,1,0"
99,"85,1,0;84,1,0"
100,"0,11,59,1,0"
101,"0,7,18,2,0"
102,"78;0,7,18,2,0"
103,"79;0,1,84,1,0"
104,81
105,"88,1,0"
106,"8,4,0"
107,"82;0,2,86,1,0"
108,83
109,"84;0,1,8,1,49,1,0"
110,"85;0,1,90,1,0"
111,86
112,"0,1,91,1,0"
113,"87;0,1,93,1,0;0,1,92,1,0"
114,"0,2,92,1,0"
115,"100,1,0"
116,"91;3,1,74,1,0"
117,92
118,93
119,"94;0,1,101,1,0"
120,"96;0,1,3,1,74,1,0"
121,97
122,"0,1,2,1,92,1,0"
123,"99;8,1,16,1,17,1,0"
124,"8,1,17,2,0"
125,"114,1,0"
126,"0,1,109,1,0"
127,100
128,101
129,"102;79,1,3;0,3,106,1,0"
130,102
131,103
132,104
133,"0,2,110,1,0"
134,107
135,"108;2,1,101,1,1;2,1,103,1,0;0,1,115,1,0"
136,"2,1,103,1,0"
137,"109;7,1,67,1,0;3,2,68,1,0"
138,"110;2,2,92,1,0"
139,"3,1,93,1,0"
140,"8,2,39,1,0"
141,"8,2,40,1,0;0,9,90,1,0"
142,"8,1,17,1,20,1,0"
143,111
144,113
145,"114;0,1,8,1,64,1,0"
146,"115;7,1,72,1,0"
147,116
148,"117;122,1,0"
149,"0,5,111,1,0"
150,"125,1,0"
151,"8,3,16,1,0"
152,120
153,"121;0,1,8,1,71,1,0"
154,"122;0,1,8,1,72,1,0"
155,"134,1,0"
156,"123;1,1,122,1,1;0,1,130,1,0"
157,"0,2,3,1,107,1,0"
158,"136,1,0"
159,"92,1,5"
160,"128;1,2,122,1,1;12,1,69,1,0"
161,"2,1,126,1,0"
162,129
163,130
164,"2,1,132,1,0"
165,"132;8,2,50,1,0"
166,"16,1,17,2,0"
167,133
168,134
169,135
170,136
171,"8,1,89,1,1;0,7,128,1,0"
172,"0,3,141,1,0"
173,"137;13,1,75,1,0"
174,138
175,"0,2,145,1,0"
176,"150,1,0"
177,"151,1,0"
178,"8,2,55,1,0;0,6,137,1,0"
179,"8,2,56,1,0;0,6,138,1,0"
180,"8,1,17,1,40,1,0"
181,143
182,144
183,146;145
184,"146;13,1,80,1,0"
185,147
186,148
187,"149;0,1,16,1,64,1,0"
188,150
189,"1,1,13,1,76,1,1;157,1,0"
190,"158,1,0"
191,151
192,"0,31,69,1,0"
193,"161,1,0"
194,"8,3,31,1,0"
195,155
196,"9,1,101,1,0"
197,"156;2,1,151,1,0"
198,157
199,158
200,"159;0,1,8,1,110,1,0"
201,"13,1,95,1,0"
202,"0,1,7,2,68,1,0"
203,"162;13,1,23,1,20;167,1,0"
204,"2,1,150;168,1,0"
205,"164;169,1,0"
206,"170,1,0"
207,165
208,166
209,167
210,"171,1,0"
211,"169;0,1,166,1,0"
212,"173,1,0;172,1,0"
213,"13,1,101,1,0"
214,172
215,"0,1,174,1,0"
216,"180,1,0;0,3,169,1,0"
217,"0,1,179,1,0"
218,"1,1,174,1,0;0,5,163,1,0"
219,"181,1,0"
220,"70,1,16"
221,"0,1,2,1,163,1,0"
222,"175;8,1,16,1,50,1,0"
223,"8,1,17,1,50,1,0"
224,"176;0,4,169,1,0"
225,"186,1,0"
226,177
227,179
228,"23,1,75,1,0"
229,"180;23,1,76,1,0;0,1,189,1,0"
230,"192,1,0"
231,"181;0,1,190,1,0"
232,"0,1,191,1,0"
233,182
234,183
235,"0,2,182,1,0"
236,"193,1,0"
237,"13,1,32,1,20;194,1,0"
238,187
239,"0,2,190,1,0"
240,"8,2,77,1,0"
241,"8,2,78,1,0"
242,"8,1,17,1,56,1,0"
243,188
244,189
245,"22,1,80,1,0"
246,"23,1,80,1,0;0,3,187,1,0"
247,"191;2,1,181,1,0"
248,"192;1,1,28,1,69,1,1;0,1,198,1,0"
249,"0,1,3,1,163,1,0"
250,193
251,"194;0,1,8,1,137,1,0"
252,"23,1,83,1,0;0,2,195,1,0"
253,196
254,"2,1,189,1,0;0,1,202,1,0"
255,198;197
256,197
257,"2,1,191,1,0"
258,"0,5,183,1,0"
259,"208,1,0"
260,"204;8,1,13,1,69,1,1"
261,205
262,"211,1,0;210,1,0"
263,"8,3,49,1,0"
264,206
265,"23,1,89,1,0"
266,"207;23,1,82"
267,"208;2,1,195,1,0"
268,"3,1,178,1,0"
269,209
270,"210;0,2,8,1,13,1,69,1,0"
271,"211;0,2,8,1,13,1,69,1,0"
272,212
273,"213,1,0"
274,"213;0,2,203,1,0"
275,214
276,"2,1,198,1,0"
277,"215;214,1,0"
278,216
279,217
280,"218;0,1,8,1,145,1,0"
281,"220;0,1,212,1,0"
282,223
283,"218,1,0"
284,"13,3,20;219,1,0"
285,"220,1,0"
286,"226;40,1,69,1,1;2,2,189,1,0"
287,"3,1,178;0,4,34,1,69,1,0"
288,"3,1,190,1,0;0,1,216,1,0"
289,"227;24,1,69,1,3;1,1,36,1,69,1,0"
290,"223,1,0"
291,"229;0,1,8,1,149,1,0"
292,"0,2,39,1,69,1,0"
293,230
294,"232;2,1,209,1,0;0,1,221,1,0"
295,233
296,237
297,"238;13,2,67,1,0;0,5,209,1,0"
298,"2,1,209,1,1;229,1,0;43,1,67,1,0"
299,"239;3,1,69,1,22"
300,"231,1,0"
301,"8,1,160,1,0"
302,"232,1,0"
303,"233,1,0"
304,"243;0,3,3,1,188,1,0"
305,"234,1,0;0,1,8,1,17,1,69,1,0"
306,"244;8,1,9,1,69,1,3;229,1,1;0,1,43,1,68,1,0"
307,"29,1,69,1,3;42,1,69,1,1;0,1,3,1,197,1,0"
308,"3,1,192"
309,"245;8,2,111,1,0"
310,"16,1,17,1,50,1,0"
311,246
312,247
313,248
314,249
315,"242,1,0"
316,"69,1,31"
317,253
318,"2,1,226,1,0"
319,"254;8,1,19,1,69,1,0"
320,"255;43,1,74,1,0"
321,"256;43,1,76,1,0"
322,"0,1,3,1,203,1,0"
323,"257;3,1,203,1,1;0,1,240,1,0"
324,"0,1,240,1,0"
325,258
326,"0,2,236,1,0"
327,"247,1,0;246,1,0"
328,"8,1,166,1,0"
329,"13,1,51,1,20;248,1,0"
330,"262;3,1,38,1,69,1,0"
331,"8,2,116,1,0;0,6,224,1,0"
332,"8,2,117,1,0;0,6,225,1,0"
333,"8,1,17,1,78,1,0"
334,263
335,264
336,"76,1,30"
337,265
338,"266;265;3,1,216,1,0"
339,"267;48,1,69,1,0"
340,268
341,269
342,"270;0,1,16,1,137,1,0"
343,"274;0,1,255,1,0"
344,"0,11,210,1,0"
345,"259,1,0"
346,"277;1,1,250,1,1"
347,"7,1,188,1,1;3,2,189,1,1;261,1,0"
348,"265,1,0"
349,"8,3,71,1,0"
350,278
351,"268,1,0"
352,281
353,282
354,"283;69,1,39"
355,"69,1,40;2,1,251,1,0"
356,"269,1,0"
357,"3,2,198,1,0"
358,"1,1,48,1,69,1,1;271,1,0"
359,"272,1,0"
360,"0,1,264,1,0"
361,284
362,"285;0,1,8,1,182,1,0"
363,289
364,"290;0,1,8,1,187,1,0"
365,"275,1,0"
366,"291;0,1,2,1,251,1,0"
367,"294;17,1,149,1,0"
368,"277,1,0"
369,"295;278,1,0"
370,"279,1,0"
371,"296;280,1,0"
372,"1,1,261,1,1;280,1,0"
373,297
374,"298;282,1,0"
375,298
376,299
377,300
378,301
379,302
380,"283,1,0"
381,"304;0,1,16,1,149,1,0"
382,"280,1,1;287,1,0"
383,"69,1,47;0,3,270,1,0"
384,"288,1,0"
385,"2,1,264,1,0"
386,308
387,"309;0,1,8,1,201,1,0"
388,"310;9,1,23,1,75,1,0;0,1,9,1,188,1,0"
389,"0,1,286,1,0;0,1,285,1,0"
390,"8,1,206,1,0;0,6,260,1,0"
391,"17,1,160,1,0;0,4,274,1,0"
392,"8,1,207,1,0"
393,"293,1,0"
394,"294,1,0"
395,315
396,"316;8,1,16,1,111,1,0"
397,"8,1,17,1,111,1,0"
398,"317;0,7,260,1,0"
399,"318;299,1,0"
400,"303,1,0;302,1,0"
401,"303,1,0;0,2,59,1,69,1,0"
402,"319;293,1,1"
403,"305,1,0;304,1,0"
404,"320;293,1,1;304,1,0;13,1,188,1,0"
405,"69,1,55;309,1,0"
406,"13,1,190,1,0"
407,"69,1,55"
408,"310,1,0"
409,"255,1,3;301,1,1;0,1,8,1,212,1,0;0,3,59,1,69,1,0"
410,"323;301,1,1;0,1,8,1,212,1,0;0,3,59,1,69,1,0"
411,"324;0,1,304,1,0"
412,"326;307,1,1"
413,"328;312,1,0"
414,"313,1,0"
415,329
416,"0,2,295,1,0"
417,"315,1,0"
418,"8,2,149,1,0"
419,332
420,333
421,"9,1,209,1,0;1,1,308,1,0"
422,"334;67,1,68,1,0"
423,336
424,"320,1,0"
425,"311,1,1;321,1,0"
426,"67,1,69,1,0"
427,"323,1,0"
428,"8,2,152,1,0"
429,"8,2,153,1,0;0,13,245,1,0"
430,"8,1,17,1,117,1,0"
431,338
432,"339;327,1,0;13,1,23,1,80,1,0;0,1,317,1,0"
433,"340;1,1,302,1,1"
434,"0,1,67,2,0"
435,"342;69,1,60;9,1,209,1,1;1,1,308,1,1"
436,"0,1,68,2,0;0,2,64,1,69,1,0"
437,"329,1,0;0,1,68,2,0;0,2,64,1,69,1,0"
438,"320,1,1;0,1,3,1,270,1,0"
439,"331,1,0"
440,"332,1,0"
441,343
442,"344;0,1,8,1,224,1,0"
443,"0,2,319,1,0"
444,"341,1,0"
445,"0,5,296,1,0"
446,"345,1,0"
447,"350;0,1,2,1,13,1,188,1,0"
448,"348,1,0"
449,"351;3,1,285,1,0;2,2,287,1,0"
450,"13,1,209,1,0"
451,"354;352;0,1,335,1,0;0,4,314,1,0"
452,353
453,"357;356;336,1,1;1,1,3,1,270,1,1;351,1,0;0,1,337,1,0"
454,"359;337,1,1;1,1,322,1,1;0,1,338,1,0"
455,"353,1,0;0,1,339,1,0"
456,"353,1,0;69,1,75,1,0;0,1,339,1,0"
457,"69,1,75,1,0;0,1,339,1,0"
458,"354,1,0"
459,"8,3,110,1,0"
460,360
461,361
462,"362;0,1,346,1,0"
463,364
464,"365;1,1,328,1,1;0,1,3,1,285,1,0"
465,"366;69,1,66;349,1,1"
466,"362,1,0;361,1,0"
467,"7,1,250,1,0"
468,"0,1,352,1,0"
469,"368,1,0"
470,370
471,"371;0,1,8,1,236,1,0"
472,"0,6,314,1,0"
473,"374;7,1,250,1,1"
474,"375;364,1,1"
475,"376;0,1,366,1,0"
476,"374,1,0;0,1,367,1,0"
477,"376,1,0"
478,377
479,382
480,"8,1,245,1,0"
481,"381,1,0"
482,"382,1,0;0,2,359,1,0;0,3,349,1,0"
483,"383,1,0;0,7,312,1,0"
484,"1,1,349,1,1;8,1,250,1,0"
485,383
486,"370,1,1;385,1,0"
487,"384;385,1,0"
488,385
489,386
490,"390;388;18,1,188,1,0;0,1,371,1,0"
491,"18,1,188,1,0;0,1,371,1,0"
492,"1,1,351,1,1;0,1,371,1,0;0,1,69,1,79,1,0"
493,390
494,"371,1,1;69,1,79,1,1;387,1,0;0,2,366,1,0"
495,"388,1,0;0,1,373,1,0"
496,"391;391,1,0;69,1,82,1,0;18,1,190,1,0"
497,"392;1,1,69,1,76,1,1"
498,"2,1,340,1,0;0,1,378,1,0"
499,"399,1,0"
500,"400,1,0"
501,"401,1,0"
502,"394;0,1,8,1,244,1,0"
503,"395;8,1,13,2,80,1,0"
504,"396;291,1,3;13,1,23,1,101,1,0;0,3,358,1,0"
505,"396;8,1,254,1,0"
506,397
507,"69,1,76"
508,398
509,"408,1,0;0,2,69,1,80,1,0"
510,"411,1,0"
511,"388,1,1;413,1,0;412,1,0;0,1,391,1,0;0,1,390,1,0"
512,"0,1,390,1,0"
513,"400;391,1,1;390,1,1;69,1,82,1,1;18,1,190,1,1;0,1,394,1,0;0,1,392,1,0;0,7,69,2,0"
514,"394,1,1;2,1,353,1,0;2,1,69,1,75,1,0;0,1,397,1,0;0,2,377,1,0"
515,"397,1,1;2,1,69,1,76,1,0;0,1,398,1,0"
516,403
517,"404;2,1,355,1,0"
518,"2,1,355,1,0"
519,"405;3,2,267,1,0"
520,408;407
521,"3,1,334"
522,"1,2,351,1,1;417,1,0"
523,"3,1,335;407,1,1"
524,"0,1,410,1,0;0,1,409,1,0;0,2,389,1,0;0,4,367,1,0"
525,"411;0,2,389,1,0;0,4,367,1,0"
526,"0,1,410,1,0"
527,"412;0,2,391,1,0;0,3,375,1,0"
528,"413;69,1,89,1,0;1,1,389,1,0;0,3,375,1,0"
529,"415;414;0,1,414,1,0;0,2,394,1,0;0,8,69,2,0"
530,"414;413,1,1;419,1,0;0,1,414,1,0"
531,"416;2,1,69,1,75,1,1"
532,417
533,418
534,"419;69,1,93,1,0"
535,"69,1,93,1,0"
536,420
537,"2,1,369"
538,"8,1,257,1,0;0,11,300,1,0"
539,"17,1,206,1,0;0,9,317,1,0"
540,"8,1,258,1,0"
541,"420,1,0"
542,"0,5,367,1,0"
543,"426,1,0;0,1,69,1,89,1,0;0,3,391,1,0;0,4,375,1,0"
544,"427;419,1,1;3,1,333,1,0"
545,"428;1,1,392,1,1;0,1,3,1,68,1,69,1,0"
546,429
547,"2,1,378;3,1,68,1,69,1,1;429,1,0"
548,"2,1,379;69,1,95,1,0"
549,"431;430;69,1,87;430,1,0"
550,431
551,"432;8,2,183,1,0"
552,"16,1,17,1,111,1,0"
553,"433;0,12,300,1,0"
554,"434;0,1,8,1,260,1,0"
555,"435,1,0"
556,"435;13,1,67,1,30;7,1,278,1,0"
557,436
558,437
559,"436,1,0;23,1,188,1,0;0,1,422,1,0"
560,"438;1,1,418,1,0"
561,"7,1,275,1,1;24,1,190,1,0;3,1,335,1,0;0,1,425,1,0"
562,"441;439;426,1,1;25,1,190,1,0"
563,"440;0,2,419,1,0"
564,"441;0,2,419,1,0"
565,"443;1,2,375,1,1;2,1,69,1,82,1,0"
566,"445;444,1,0;443,1,0;0,1,429,1,0"
567,"444,1,0;0,1,429,1,0"
568,"444;0,1,69,1,95,1,0"
569,446
570,447
571,453
572,454
573,"457;0,1,443,1,0"
574,458
575,459
576,"0,2,431,1,0"
577,"453,1,0"
578,"8,1,16,1,149,1,0"
579,"293,1,5"
580,"462;1,1,424,1,1"
581,"448,1,1;456,1,0;67,1,107,1,0;1,1,439,1,0"
582,463
583,"464;1,1,7,1,275,1,1;457,1,0"
584,"458,1,0;13,1,251,1,0"
585,"251,1,9;459,1,0;76,1,95,1,0"
586,"465;338,1,3;69,1,104,1,0;1,1,442,1,0;0,1,450,1,0"
587,"338,1,3;18,1,209,1,1;461,1,0;1,1,442,1,0;0,2,443,1,0"
588,"463,1,0;18,1,213,1,0"
589,"3,1,69,1,71;18,1,213,1,0;3,1,366,1,0;0,1,3,1,352,1,0"
590,"466;69,1,96;1,1,69,1,95,1,1;69,1,107,1,0;1,1,445,1,0;0,1,451,1,0"
591,"69,1,96;69,1,107,1,0;3,1,367,1,0"
592,"467;451,1,1;466,1,0;2,2,368,1,0;0,2,3,1,340,1,0"
593,"466,1,0;2,2,368,1,0;0,2,3,1,340,1,0"
594,"8,2,199,1,0;0,6,402,1,0"
595,"8,2,200,1,0;0,6,403,1,0"
596,"8,1,17,1,153,1,0"
597,468
598,"469;8,2,23,1,80,1,0;0,1,8,1,278,1,0"
599,"470;0,4,17,1,209,1,0"
600,471
601,"69,1,98;9,1,267,1,0;0,1,3,1,359,1,0"
602,"0,2,448,1,0;0,3,440,1,0"
603,"9,1,261,1,1;473,1,0;1,1,448,1,0"
604,"472;1,1,439,1,1;0,1,68,1,107,1,0"
605,"68,1,107,1,1;1,1,3,1,335,1,1;0,1,3,1,363,1,0"
606,"0,1,3,1,365,1,0"
607,"3,1,365,1,1;476,1,0"
608,"474;7,1,314;462,1,1;69,1,104,1,1;477,1,0;1,1,450,1,0"
609,"474;7,1,314;462,1,1;461,1,1;1,1,450,1,0"
610,"478,1,0;2,2,376,1,0;0,1,464,1,0;0,2,451,1,0"
611,475
612,"476;0,1,16,1,224,1,0"
613,"0,2,3,1,359,1,0"
614,481
615,482
616,483
617,"485;484;366,1,3;1,1,450,1,1;0,3,451,1,0"
618,"484;1,1,450,1,1"
619,"486;3,1,391;367,1,3;3,1,391,1,0;3,1,390,1,0;0,4,446,1,0"
620,"488;487;367,1,3;478,1,1;3,1,390,1,0;0,1,479,1,0;0,4,446,1,0"
621,"489;2,1,69,1,95,1,1;3,1,392,1,0;0,1,480,1,0"
622,"491;3,1,392;3,1,397,1,0"
623,"492;3,1,398,1,0"
624,"0,27,246,1,0"
625,"490,1,0"
626,"495;0,2,8,1,9,1,188,1,0"
627,"492,1,0"
628,"493,1,0;8,1,294,1,0;0,15,69,2,0"
629,"493,1,0"
630,"496;493,1,0"
631,497
632,"494,1,0"
633,"498;74,1,107,1,0;3,1,407,1,0;0,1,483,1,0"
634,"500;499;483,1,1;496,1,0;76,1,107,1,0"
635,"483,1,1;1,1,459,1,1;496,1,0;0,1,3,1,386,1,0"
636,"1,1,459,1,1;496,1,0"
637,"501;69,1,80,1,3;3,1,386,1,1;1,2,442,1,1;0,1,3,1,389,1,0"
638,"502;69,1,80,1,3;3,1,386,1,1;497,1,0;0,1,3,1,389,1,0"
639,"503;3,1,394,1,1;2,1,445,1,1;0,1,3,1,396,1,0"
640,"498,1,0"
641,"8,3,145,1,0"
642,504
643,506
644,"499,1,0"
645,507
646,"508;187,1,23"
647,"0,2,486,1,0"
648,"1,1,478,1,1;503,1,0;7,1,321,1,0;0,1,7,1,314,1,0"
649,511
650,"512;0,1,8,1,295,1,0"
651,"515;13,1,268,1,1;2,1,473,1,0;0,3,482,1,0"
652,"519;0,1,502,1,0"
653,521;520
654,"522;7,1,321,1,1"
655,"524;3,1,428;512,1,0;2,1,479,1,0"
656,525
657,"528;17,1,244,1,0"
658,"16,1,245,1,0"
659,"517,1,0;0,8,440,1,0"
660,"518,1,0"
661,"8,1,318,1,0"
662,"530;0,4,481,1,0"
663,"531;13,2,164,1,1;1,1,493,1,1;519,1,0;8,1,9,1,209,1,0;0,4,482,1,0"
664,"533;8,1,335;3,1,438,1,0;0,1,8,1,64,1,69,1,0;0,4,484,1,0"
665,533
666,534
667,"2,1,482,1,0"
668,"13,1,281,1,0;3,2,335,1,0;0,1,8,1,314,1,0;0,1,3,1,425,1,0"
669,535
670,"3,2,333,1,1;0,1,512,1,0;0,2,504,1,0"
671,"536;514,1,1"
672,"525,1,0"
673,"527,1,0"
674,"528,1,0"
675,"539;0,1,16,1,244,1,0"
676,"540;8,3,13,1,80,1,0"
677,"8,1,64,1,72,1,0"
678,"8,1,316,1,1;17,1,255,1,0;13,3,101,1,0;0,8,449,1,0"
679,"69,1,118;8,1,9,1,212,1,0"
680,"541;13,1,133,1,20;448,1,2;13,1,286,1,0"
681,"107,1,80;0,4,7,1,314,1,0"
682,"7,1,355"
683,"7,1,356;1,1,7,1,321,1,1"
684,"535,1,0;0,1,524,1,0;0,3,505,1,0"
685,"0,3,508,1,0"
686,"530,1,1;537,1,0"
687,"8,1,9,1,212,1,1;538,1,0;9,1,13,1,23,1,75,1,0"
688,548
689,549
690,"550;8,1,69,1,72,1,0"
691,"553;552;551;8,1,337,1,0;3,2,363,1,0;0,1,8,1,333,1,0"
692,"553;0,1,8,1,333,1,0"
693,"555;554;8,1,333,1,1"
694,554
695,"556;7,1,351,1,1;541,1,0"
696,"542,1,0;0,2,521,1,0"
697,"556;534,1,1;7,1,351,1,1;0,2,521,1,0"
698,"557;443,1,3;0,2,523,1,0"
699,"559;558;443,1,3;0,1,3,2,352,1,0;0,2,523,1,0"
700,"559;0,1,3,2,352,1,0"
701,"69,2,7;7,1,352,1,1;545,1,0;7,1,367,1,0;1,1,524,1,0;0,4,506,1,0"
702,"547,1,0;0,2,8,1,69,2,0"
703,561
704,"8,1,343,1,0;0,6,491,1,0"
705,"17,1,257,1,0"
706,"8,1,344,1,0"
707,"549,1,0"
708,"8,1,347,1,0"
709,"566;13,3,105,1,1;13,1,292,1,0"
710,"385,1,5"
711,"569;8,1,338,1,1;0,3,521,1,0"
712,"0,1,2,1,506,1,0"
713,"570;0,1,2,1,506,1,0"
714,"571;8,1,16,1,183,1,0"
715,"8,1,17,1,183,1,0"
716,"572;0,7,491,1,0"
717,"573;0,1,16,1,260,1,0"
718,"8,1,16,1,187,1,0"
719,574
720,"575;8,1,347,1,1;8,1,17,1,188,1,0"
721,"576;13,1,105,1,30"
722,"8,1,13,1,209,1,1;1,1,13,1,287,1,1;560,1,0"
723,"43,1,189,1,0;1,1,540,1,0"
724,"7,1,389;43,1,178;0,2,543,1,0"
725,"7,1,389;0,2,543,1,0"
726,"0,1,3,1,480,1,0"
727,"1,1,535,1,1;564,1,0"
728,"3,2,396,1,0"
729,"565,1,0"
730,"3,1,492;567,1,0;566,1,0"
731,578
732,"579;0,1,7,1,378,1,0"
733,"181,1,30"
734,585
735,"570,1,0;0,3,546,1,0"
736,"446,1,4;0,1,2,1,524,1,0;0,5,526,1,0"
737,"588;446,1,4;564,1,1;571,1,0;0,5,526,1,0"
738,590
739,591
740,"0,2,553,1,0"
741,"572,1,0"
742,"8,2,244,1,0"
743,"574,1,0"
744,"9,1,346,1,0"
745,"596;2,1,538,1,0"
746,597
747,"598;13,2,23,1,76,1,1;8,1,384,1,0"
748,"0,2,561,1,0"
749,"189,1,30"
750,"13,1,337;8,1,69,1,79,1,1;0,2,8,1,366,1,0"
751,"599;1,1,3,1,477,1,1"
752,"600;7,1,413;2,1,543,1,0;0,4,546,1,0"
753,"601;571,1,1;7,1,414,1,1;3,1,504,1,0;0,1,7,1,415,1,0"
754,"602;0,1,7,1,415,1,0"
755,603
756,"603;576,1,0"
757,604
758,605
759,"2,1,548,1,0"
760,"8,2,252,1,0"
761,"8,2,253,1,0"
762,"8,1,17,1,200,1,0"
763,606
764,"607;8,3,173,1,0;0,1,8,1,380,1,0"
765,"2,1,565;574,1,1;8,2,255,1,0"
766,"69,1,131;8,1,20,1,188,1,0"
767,"0,2,18,1,260,1,0"
768,"13,2,75,1,20;1,1,560,1,1;13,1,328,1,0"
769,"608;7,2,266,1,1"
770,"0,1,7,2,267,1,0"
771,"3,2,425,1,0"
772,"0,1,2,1,544,1,0"
773,"610;9,1,69,1,75,1,1"
774,"611;397,1,6;3,1,504,1,1;2,1,69,1,134,1,0;1,1,7,1,415,1,0"
775,612
776,"613;0,1,8,1,402,1,0"
777,"2,1,576;8,1,20,1,188,1,1;585,1,0"
778,"619;20,1,267,1,1;586,1,0;9,1,13,2,133,1,0;0,3,69,1,138,1,0"
779,"587,1,0"
780,621
781,622
782,623
783,625;624
784,625
785,"627;502,1,3;8,1,69,1,89,1,0"
786,"76,1,128;8,1,414,1,1;7,1,425,1,1;9,1,373,1,0;1,1,575,1,0;0,1,8,1,415,1,0"
787,"69,1,134;590,1,0"
788,"7,1,442;1,1,7,1,412,1,1;0,2,3,1,504,1,0"
789,"628;8,1,69,2,2;2,1,566,1,0;2,1,7,1,396,1,0;1,1,577,1,0"
790,"629;339,1,9;3,1,524,1,0;2,1,566,1,0;1,1,577,1,0"
791,"2,1,7,1,398,1,0;0,2,3,1,506,1,0"
792,"593,1,0"
793,630
794,"0,5,554,1,0"
795,"597,1,0"
796,"635;598,1,0"
797,"599,1,0"
798,"602,1,0;600,1,0"
799,"13,2,23,1,83,1,1;13,1,346,1,0"
800,"0,4,69,1,138,1,0"
801,"638;0,4,568,1,0"
802,"0,4,568,1,0"
803,"641;13,1,67,1,75,1,0"
804,"642;8,1,419,1,1"
805,"13,1,358;8,1,419,1,1"
806,"643;9,1,391"
807,"644;7,1,333,1,3"
808,"69,2,12;13,1,69,1,76,1,0"
809,"2,1,7,1,396,1,1;1,1,577,1,1;0,2,584,1,0"
810,"645;13,1,341,1,1;2,1,7,1,398,1,1"
811,"607,1,0;606,1,0"
812,"8,3,182,1,0"
813,646
814,647
815,"611,1,0"
816,"13,1,67,1,75,1,1;0,1,604,1,0;0,6,562,1,0"
817,"648;8,1,425,1,1;613,1,0"
818,"652;8,1,445,1,0;0,2,3,1,523,1,0"
819,"616,1,0;0,2,3,1,524,1,0"
820,"653;1,1,7,1,446,1,0"
821,"13,1,369;8,1,69,2,3;1,1,7,1,446,1,0"
822,654
823,"655;0,1,8,1,431,1,0"
824,"659;8,2,267,1,1;1,1,586,1,1"
825,661
826,"0,1,610,1,0"
827,"13,1,360,1,1;8,1,448,1,0;0,1,610,1,0"
828,"663;0,1,612,1,0;0,7,562,1,0"
829,"16,1,314,1,0;1,1,604,1,0;0,1,613,1,0;0,5,575,1,0"
830,"613,1,1;618,1,0;17,1,314,1,0;0,3,589,1,0"
831,"619,1,0;8,1,18,1,209,1,0"
832,"486,1,5"
833,"8,1,333,1,3;8,1,18,1,209,1,0"
834,"0,1,2,1,575,1,0"
835,"534,1,3;1,2,575,1,1;620,1,0;0,1,2,1,575,1,0"
836,"8,1,443,1,1;621,1,0;13,1,373,1,0;0,1,3,1,543,1,0"
837,"7,2,314"
838,"664;1,2,577,1,1;0,3,7,1,446,1,0"
839,"1,2,577,1,1;7,1,479,1,0"
840,"665;1,1,3,1,525,1,1"
841,668
842,"31,1,245,1,0"
843,"64,1,160,1,0;8,2,278,1,0;0,3,601,1,0"
844,"624,1,0"
845,"8,1,455,1,0"
846,"625,1,0"
847,672
848,674
849,"7,1,480,1,1;633,1,0"
850,677
851,4294967295
852,4294967295
853,4294967295
854,4294967295
855,4294967295
856,4294967295
857,4294967295
858,4294967295
859,4294967295
860,4294967295
861,4294967295
862,4294967295
863,4294967295
864,4294967295
865,4294967295
866,4294967295
867,4294967295
868,4294967295
869,4294967295
870,4294967295
871,4294967295
872,4294967295
873,4294967295
874,4294967295
875,4294967295
876,4294967295
877,4294967295
878,4294967295
879,4294967295
880,4294967295
881,4294967295
882,4294967295
883,4294967295
884,4294967295
885,4294967295
886,4294967295
887,4294967295
888,4294967295
889,4294967295
890,4294967295
891,4294967295
892,4294967295
893,4294967295
894,4294967295
895,4294967295
896,4294967295
897,4294967295
898,4294967295
899,4294967295
900,4294967295
901,4294967295
902,4294967295
903,4294967295
904,4294967295
905,4294967295
906,4294967295
907,4294967295
908,4294967295
909,4294967295
910,4294967295
911,4294967295
912,4294967295
913,4294967295
914,4294967295
915,4294967295
916,4294967295
917,4294967295
918,4294967295
919,4294967295
920,4294967295
921,4294967295
922,4294967295
923,4294967295
924,4294967295
925,4294967295
926,4294967295
927,4294967295
928,4294967295
929,4294967295
930,4294967295
931,4294967295
932,4294967295
933,4294967295
934,4294967295
935,4294967295
936,4294967295
937,4294967295
938,4294967295
939,4294967295
940,4294967295
941,4294967295
942,4294967295
943,4294967295
944,4294967295
945,4294967295
946,4294967295
947,4294967295
948,4294967295
949,4294967295
950,4294967295
951,4294967295
952,4294967295
953,4294967295
954,4294967295
955,4294967295
956,4294967295
957,4294967295
958,4294967295
959,4294967295
960,4294967295
961,4294967295
962,4294967295
963,4294967295
964,4294967295
965,4294967295
966,4294967295
967,4294967295
968,4294967295
969,4294967295
970,4294967295
971,4294967295
972,4294967295
973,4294967295
974,4294967295
975,4294967295
976,4294967295
977,4294967295
978,4294967295
979,4294967295
980,4294967295
981,4294967295
982,4294967295
983,4294967295
984,4294967295
985,4294967295
986,4294967295
987,4294967295
988,4294967295
989,4294967295
990,4294967295
991,4294967295
992,4294967295
993,4294967295
994,4294967295
995,4294967295
996,4294967295
997,4294967295
998,4294967295
999,4294967295
1000,4294967295
1001,4294967295
1002,4294967295
1003,4294967295
1004,4294967295
1005,4294967295
1006,4294967295
1007,4294967295
1008,4294967295
1009,4294967295
1010,4294967295
1011,4294967295
1012,4294967295
1013,4294967295
1014,4294967295
1015,4294967295
1016,4294967295
1017,4294967295
1018,4294967295
1019,4294967295
1020,4294967295
1021,4294967295
1022,4294967295
1023,4294967295
1024,4294967295
1025,4294967295
1026,4294967295
1027,4294967295
1028,4294967295
1029,4294967295
1030,4294967295
1031,4294967295
1032,4294967295
1033,4294967295
1034,4294967295
1035,4294967295
1036,4294967295
1037,4294967295
1038,4294967295
1039,4294967295
1040,4294967295
1041,4294967295
1042,4294967295
1043,4294967295
1044,4294967295
1045,4294967295
1046,4294967295
1047,4294967295
1048,4294967295
1049,4294967295
1050,4294967295
1051,4294967295
1052,4294967295
1053,4294967295
1054,4294967295
1055,4294967295
1056,4294967295
1057,4294967295
1058,4294967295
1059,4294967295
1060,4294967295
1061,4294967295
1062,4294967295
1063,4294967295
1064,4294967295
1065,4294967295
1066,4294967295
1067,4294967295
1068,4294967295
1069,4294967295
1070,4294967295
1071,4294967295
1072,4294967295
1073,4294967295
1074,4294967295
1075,4294967295
1076,4294967295
1077,4294967295
1078,4294967295
1079,4294967295
1080,4294967295
1081,4294967295
1082,4294967295
1083,4294967295
1084,4294967295
1085,4294967295
1086,4294967295
1087,4294967295
1088,4294967295
1089,4294967295
1090,4294967295
1091,4294967295
1092,4294967295
1093,4294967295
1094,4294967295
1095,4294967295
1096,4294967295
1097,4294967295
1098,4294967295
1099,4294967295
1100,4294967295
1101,4294967295
1102,4294967295
1103,4294967295
1104,4294967295
1105,4294967295
1106,4294967295
1107,4294967295
1108,4294967295
1109,4294967295
1110,4294967295
1111,4294967295
1112,4294967295
1113,4294967295
1114,4294967295
1115,4294967295
1116,4294967295
1117,4294967295
1118,4294967295
1119,4294967295
1120,4294967295
1121,4294967295
1122,4294967295
1123,4294967295
1124,4294967295
1125,4294967295
1126,4294967295
1127,4294967295
1128,4294967295
1129,4294967295
1130,4294967295
1131,4294967295
1132,4294967295
1133,4294967295
1134,4294967295
1135,4294967295
1136,4294967295
1137,4294967295
1138,4294967295
1139,4294967295
1140,4294967295
1141,4294967295
1142,4294967295
1143,4294967295
1144,4294967295
1145,4294967295
1146,4294967295
1147,4294967295
1148,4294967295
1149,4294967295
1150,4294967295
1151,4294967295
1152,4294967295
1153,4294967295
1154,4294967295
1155,4294967295
1156,4294967295
1157,4294967295
1158,4294967295
1159,4294967295
1160,4294967295
1161,4294967295
1162,4294967295
1163,4294967295
1164,4294967295
1165,4294967295
1166,4294967295
1167,4294967295
1168,4294967295
1169,4294967295
1170,4294967295
1171,4294967295
1172,4294967295
1173,4294967295
1174,4294967295
1175,4294967295
1176,4294967295
1177,4294967295
1178,4294967295
1179,4294967295
1180,4294967295
1181,4294967295
1182,4294967295
1183,4294967295
1184,4294967295
1185,4294967295
1186,4294967295
1187,4294967295
1188,4294967295
1189,4294967295
1190,4294967295
1191,4294967295
1192,4294967295
1193,4294967295
1194,4294967295
1195,4294967295
1196,4294967295
1197,4294967295
1198,4294967295
1199,4294967295
1200,4294967295
1201,4294967295
1202,4294967295
1203,4294967295
1204,4294967295
1205,4294967295
1206,4294967295
1207,4294967295
1208,4294967295
1209,4294967295
1210,4294967295
1211,4294967295
1212,4294967295
1213,4294967295
1214,4294967295
1215,4294967295
1216,4294967295
1217,4294967295
1218,4294967295
1219,4294967295
1220,4294967295
1221,4294967295
1222,4294967295
1223,4294967295
1224,4294967295
1225,4294967295
1226,4294967295
1227,4294967295
1228,4294967295
1229,4294967295
1230,4294967295
1231,4294967295
1232,4294967295
1233,4294967295
1234,4294967295
1235,4294967295
1236,4294967295
1237,4294967295
1238,4294967295
1239,4294967295
1240,4294967295
1241,4294967295
1242,4294967295
1243,4294967295
1244,4294967295
1245,4294967295
1246,4294967295
1247,4294967295
1248,4294967295
1249,4294967295
1250,4294967295
1251,4294967295
1252,4294967295
1253,4294967295
1254,4294967295
1255,4294967295
1256,4294967295
1257,4294967295
1258,4294967295
1259,4294967295
1260,4294967295
1261,4294967295
1262,4294967295
1263,4294967295
1264,4294967295
1265,4294967295
1266,4294967295
1267,4294967295
1268,4294967295
1269,4294967295
1270,4294967295
1271,4294967295
1272,4294967295
1273,4294967295
1274,4294967295
1275,4294967295
1276,4294967295
1277,4294967295
1278,4294967295
1279,4294967295
1280,4294967295
1281,4294967295
1282,4294967295
1283,4294967295
1284,4294967295
1285,4294967295
1286,4294967295
1287,4294967295
1288,4294967295
1289,4294967295
1290,4294967295
1291,4294967295
1292,4294967295
1293,4294967295
1294,4294967295
1295,4294967295
1296,4294967295
1297,4294967295
1298,4294967295
1299,4294967295
1300,4294967295
1301,4294967295
1302,4294967295
1303,4294967295
1304,4294967295
1305,4294967295
1306,4294967295
1307,4294967295
1308,4294967295
1309,4294967295
1310,4294967295
1311,4294967295
1312,4294967295
1313,4294967295
1314,4294967295
1315,4294967295
1316,4294967295
1317,4294967295
1318,4294967295
1319,4294967295
1320,4294967295
1321,4294967295
1322,4294967295
1323,4294967295
1324,4294967295
1325,4294967295
1326,4294967295
1327,4294967295
1328,4294967295
1329,4294967295
1330,4294967295
1331,4294967295
1332,4294967295
1333,4294967295
1334,4294967295
1335,4294967295
1336,4294967295
1337,4294967295
1338,4294967295
1339,4294967295
1340,4294967295
1341,4294967295
1342,4294967295
1343,4294967295
1344,4294967295
1345,4294967295
1346,4294967295
1347,4294967295
1348,4294967295
1349,4294967295
1350,4294967295
1351,4294967295
1352,4294967295
1353,4294967295
1354,4294967295
1355,4294967295
1356,4294967295
1357,4294967295
1358,4294967295
1359,4294967295
1360,4294967295
1361,4294967295
1362,4294967295
1363,4294967295
1364,4294967295
1365,4294967295
1366,4294967295
1367,4294967295
1368,4294967295
1369,4294967295
1370,4294967295
1371,4294967295
1372,4294967295
1373,4294967295
1374,4294967295
1375,4294967295
1376,4294967295
1377,4294967295
1378,4294967295
1379,4294967295
1380,4294967295
1381,4294967295
1382,4294967295
1383,4294967295
1384,4294967295
1385,4294967295
1386,4294967295
1387,4294967295
1388,4294967295
1389,4294967295
1390,4294967295
1391,4294967295
1392,4294967295
1393,4294967295
1394,4294967295
1395,4294967295
1396,4294967295
1397,4294967295
1398,4294967295
1399,4294967295
1400,4294967295
1401,4294967295
1402,4294967295
1403,4294967295
1404,4294967295
1405,4294967295
1406,4294967295
1407,4294967295
1408,4294967295
1409,4294967295
1410,4294967295
1411,4294967295
1412,4294967295
1413,4294967295
1414,4294967295
1415,4294967295
1416,4294967295
1417,4294967295
1418,4294967295
1419,4294967295
1420,4294967295
1421,4294967295
1422,4294967295
1423,4294967295
1424,4294967295
1425,4294967295
1426,4294967295
1427,4294967295
1428,4294967295
1429,4294967295
1430,4294967295
1431,4294967295
1432,4294967295
1433,4294967295
1434,4294967295
1435,4294967295
1436,4294967295
1437,4294967295
1438,4294967295
1439,4294967295
1440,4294967295
1441,4294967295
1442,4294967295
1443,4294967295
1444,4294967295
1445,4294967295
1446,4294967295
1447,4294967295
1448,4294967295
1449,4294967295
1450,4294967295
1451,4294967295
1452,4294967295
1453,4294967295
1454,4294967295
1455,4294967295
1456,4294967295
1457,4294967295
1458,4294967295
1459,4294967295
1460,4294967295
1461,4294967295
1462,4294967295
1463,4294967295
1464,4294967295
1465,4294967295
1466,4294967295
1467,4294967295
1468,4294967295
1469,4294967295
1470,4294967295
1471,4294967295
1472,4294967295
1473,4294967295
1474,4294967295
1475,4294967295
1476,4294967295
1477,4294967295
1478,4294967295
1479,4294967295
1480,4294967295
1481,4294967295
1482,4294967295
1483,4294967295
1484,4294967295
1485,4294967295
1486,4294967295
1487,4294967295
1488,4294967295
1489,4294967295
1490,4294967295
1491,4294967295
1492,4294967295
1493,4294967295
1494,4294967295
1495,4294967295
1496,4294967295
1497,4294967295
1498,4294967295
1499,4294967295
1500,4294967295
1501,4294967295
1502,4294967295
1503,4294967295
1504,4294967295
1505,4294967295
1506,4294967295
1507,4294967295
1508,4294967295
1509,4294967295
1510,4294967295
1511,4294967295
1512,4294967295
1513,4294967295
1514,4294967295
1515,4294967295
1516,4294967295
1517,4294967295
1518,4294967295
1519,4294967295
1520,4294967295
1521,4294967295
1522,4294967295
1523,4294967295
1524,4294967295
1525,4294967295
1526,4294967295
1527,4294967295
1528,4294967295
1529,4294967295
1530,4294967295
1531,4294967295
1532,4294967295
1533,4294967295
1534,4294967295
1535,4294967295
1536,4294967295
1537,4294967295
1538,4294967295
1539,4294967295
1540,4294967295
1541,4294967295
1542,4294967295
1543,4294967295
1544,4294967295
1545,4294967295
1546,4294967295
1547,4294967295
1548,4294967295
1549,4294967295
1550,4294967295
1551,4294967295
1552,4294967295
1553,4294967295
1554,4294967295
1555,4294967295
1556,4294967295
1557,4294967295
1558,4294967295
1559,4294967295
1560,4294967295
1561,4294967295
1562,4294967295
1563,4294967295
1564,4294967295
1565,4294967295
1566,4294967295
1567,4294967295
1568,4294967295
1569,4294967295
1570,4294967295
1571,4294967295
1572,4294967295
1573,4294967295
1574,4294967295
1575,4294967295
1576,4294967295
1577,4294967295
1578,4294967295
1579,4294967295
1580,4294967295
1581,4294967295
1582,4294967295
1583,4294967295
1584,4294967295
1585,4294967295
1586,4294967295
1587,4294967295
1588,4294967295
1589,4294967295
1590,4294967295
1591,4294967295
1592,4294967295
1593,4294967295
1594,4294967295
1595,4294967295
1596,4294967295
1597,4294967295
1598,4294967295
1599,4294967295
1600,4294967295
1601,4294967295
1602,4294967295
1603,4294967295
1604,4294967295
1605,4294967295
1606,4294967295
1607,4294967295
1608,4294967295
1609,4294967295
1610,4294967295
1611,4294967295
