staircase_id,filtration,total_degree,base,base_global_ids,diff,diff_global_ids,level,status,event_page
2435,5,130,0,[2435],2,[2491],9998,stored_outgoing,2
2492,6,131,0,[2492],"0,3","[2690,2693]",9996,stored_outgoing,4
2493,6,131,1,[2493],"0,1,3,4","[2690,2691,2693,2694]",9996,stored_outgoing,4
2572,7,132,0,[2572],0,[2436],3,stored_incoming,3
2629,8,133,0,[2629],0,[2778],9997,stored_outgoing,3
2630,8,133,1,[2630],"2,4","[2692,2694]",9998,stored_outgoing,2
2695,9,134,2,[2697],[NULL],[NULL],9000,sentinel_unknown,[NULL]
2696,9,134,3,[2698],[NULL],[NULL],9993,stored_outgoing,7
2697,9,134,1,[2696],0,[2845],9997,stored_outgoing,3
2698,9,134,0,[2695],"3,4","[2781,2782]",9998,stored_outgoing,2
2699,9,134,4,[2699],4,[2782],9998,stored_outgoing,2
2783,10,135,3,[2786],1,[2701],2,stored_incoming,2
2784,10,135,0,[2783],0,[2914],9997,stored_outgoing,3
2785,10,135,1,[2784],"1,2","[2846,2847]",9998,stored_outgoing,2
2786,10,135,2,[2785],"3,4","[2848,2849]",9998,stored_outgoing,2
2787,10,135,4,[2787],4,[2849],9998,stored_outgoing,2
2850,11,136,1,[2851],3,[2703],3,stored_incoming,3
2851,11,136,2,[2852],2,[2702],3,stored_incoming,3
2852,11,136,3,[2853],[NULL],[NULL],9995,stored_outgoing,5
2853,11,136,0,[2850],0,[3075],9996,stored_outgoing,4
2854,11,136,4,[2854],3,[2917],9998,stored_outgoing,2
2918,12,137,2,[2920],0,[2855],2,stored_incoming,2
2919,12,137,"3,4","[2921,2922]",0,[2788],3,stored_incoming,3
2920,12,137,4,[2922],"0,3","[2788,2791]",3,stored_incoming,3
2921,12,137,1,[2919],4,[3007],9998,stored_outgoing,2
2922,12,137,0,[2918],3,[3006],9998,stored_outgoing,2
3008,13,138,3,[3011],0,[2923],2,stored_incoming,2
3009,13,138,4,[3012],3,[2926],2,stored_incoming,2
3010,13,138,0,[3008],2,[2790],4,stored_incoming,4
3011,13,138,2,[3010],1,[2789],4,stored_incoming,4
3012,13,138,1,[3009],1,[3146],9997,stored_outgoing,3
3079,14,139,2,[3081],1,[3014],2,stored_incoming,2
3080,14,139,1,[3080],[NULL],[NULL],9000,sentinel_unknown,[NULL]
3081,14,139,0,[3079],2,[3147],9998,stored_outgoing,2
3150,15,140,4,[3154],1,[3083],2,stored_incoming,2
3151,15,140,1,[3151],2,[2925],4,stored_incoming,4
3152,15,140,2,[3152],0,[3484],9995,stored_outgoing,5
3153,15,140,0,[3150],3,[3252],9998,stored_outgoing,2
3154,15,140,3,[3153],1,[3250],9998,stored_outgoing,2
3253,16,141,2,[3255],1,[3156],2,stored_incoming,2
3254,16,141,1,[3254],3,[3016],4,stored_incoming,4
3255,16,141,0,[3253],"0,1","[3317,3318]",9998,stored_outgoing,2
3256,16,141,3,[3256],1,[3318],9998,stored_outgoing,2
3319,17,142,0,[3319],0,[3257],2,stored_incoming,2
3320,17,142,1,[3320],1,[3390],9998,stored_outgoing,2
3391,18,143,0,[3391],0,[3082],5,stored_incoming,5
3392,18,143,1,[3392],1,[3485],9998,stored_outgoing,2
3486,19,144,0,[3486],1,[3626],9997,stored_outgoing,3
3487,19,144,2,[3488],1,[3555],9998,stored_outgoing,2
3488,19,144,1,[3487],0,[3554],9998,stored_outgoing,2
3556,20,145,1,[3557],0,[3489],2,stored_incoming,2
3557,20,145,0,[3556],2,[3742],9997,stored_outgoing,3
3558,20,145,2,[3558],3,[3628],9998,stored_outgoing,2
3629,21,146,0,[3629],1,[3394],4,stored_incoming,4
3630,21,146,2,[3631],3,[3743],9998,stored_outgoing,2
3631,21,146,1,[3630],"1,2","[3741,3742]",9998,stored_outgoing,2
3744,22,147,1,[3745],1,[3490],4,stored_incoming,4
3745,22,147,"0,3","[3744,3747]","2,3","[3491,3492]",4,stored_incoming,4
3746,22,147,3,[3747],1,[3811],9998,stored_outgoing,2
3747,22,147,2,[3746],0,[3810],9998,stored_outgoing,2
3812,23,148,0,[3812],2,[3990],9997,stored_outgoing,3
3813,23,148,1,[3813],2,[3895],9998,stored_outgoing,2
3896,24,149,0,[3896],1,[3989],9998,stored_outgoing,2
3992,25,150,3,[3995],1,[3749],4,stored_incoming,4
3993,25,150,2,[3994],[NULL],[NULL],9000,sentinel_unknown,[NULL]
3994,25,150,"0,1","[3992,3993]",[NULL],[NULL],9000,sentinel_unknown,[NULL]
3995,25,150,1,[3993],0,[4090],9998,stored_outgoing,2
4092,26,151,0,[4092],1,[4161],9998,stored_outgoing,2
4162,27,152,1,[4163],2,[4262],9998,stored_outgoing,2
4163,27,152,0,[4162],0,[4260],9998,stored_outgoing,2
4263,28,153,2,[4265],0,[4164],2,stored_incoming,2
4264,28,153,1,[4264],1,[4165],2,stored_incoming,2
4265,28,153,3,[4266],1,[4336],9998,stored_outgoing,2
4266,28,153,0,[4263],0,[4335],9998,stored_outgoing,2
4337,29,154,0,[4337],0,[4267],2,stored_incoming,2
4338,29,154,1,[4338],0,[4499],9997,stored_outgoing,3
4411,30,155,1,[4412],0,[4339],2,stored_incoming,2
4412,30,155,0,[4411],1,[4500],9998,stored_outgoing,2
4501,31,156,1,[4502],0,[4413],2,stored_incoming,2
4502,31,156,2,[4503],1,[4414],2,stored_incoming,2
4503,31,156,0,[4501],0,[4761],9996,stored_outgoing,4
4671,33,158,0,[4671],1,[4762],9998,stored_outgoing,2
4763,34,159,1,[4764],0,[4672],2,stored_incoming,2
4764,34,159,0,[4763],0,[4598],3,stored_incoming,3
4929,36,161,1,[4930],0,[4765],3,stored_incoming,3
4930,36,161,0,[4929],1,[5026],9998,stored_outgoing,2
5027,37,162,1,[5028],0,[4931],2,stored_incoming,2
5028,37,162,0,[5027],0,[5142],9998,stored_outgoing,2
5143,38,163,0,[5143],"1,2","[5324,5325]",9997,stored_outgoing,3
5217,39,164,0,[5217],0,[5538],9996,stored_outgoing,4
5326,40,165,1,[5327],0,[5218],2,stored_incoming,2
5327,40,165,0,[5326],1,[5440],9998,stored_outgoing,2
5441,41,166,0,[5441],0,[5633],9997,stored_outgoing,3
5442,41,166,1,[5442],1,[5539],9998,stored_outgoing,2
5540,42,167,0,[5540],1,[5634],9998,stored_outgoing,2
5635,43,168,0,[5635],0,[5976],9996,stored_outgoing,4
5636,43,168,1,[5636],0,[5771],9998,stored_outgoing,2
5772,44,169,0,[5772],0,[5861],9998,stored_outgoing,2
5862,45,170,0,[5862],0,[5637],3,stored_incoming,3
5977,46,171,0,[5977],2,[5639],4,stored_incoming,4
6296,49,174,0,[6296],0,[5978],4,stored_incoming,4
6651,52,177,0,[6651],0,[7006],9996,stored_outgoing,4
7007,55,180,0,[7007],0,[7161],9998,stored_outgoing,2
7162,56,181,0,[7162],0,[7246],9998,stored_outgoing,2
7247,57,182,0,[7247],0,[7008],3,stored_incoming,3
